#
# There is insufficient memory for the Java Runtime Environment to continue.
# Native memory allocation (mmap) failed to map 65536 bytes. Error detail: Failed to commit metaspace.
# Possible reasons:
#   The system is out of physical RAM or swap space
#   This process is running with CompressedOops enabled, and the Java Heap may be blocking the growth of the native heap
# Possible solutions:
#   Reduce memory load on the system
#   Increase physical memory or swap space
#   Check if swap backing store is full
#   Decrease Java heap size (-Xmx/-Xms)
#   Decrease number of Java threads
#   Decrease Java thread stack sizes (-Xss)
#   Set larger code cache with -XX:ReservedCodeCacheSize=
#   JVM is running with Zero Based Compressed Oops mode in which the Java heap is
#     placed in the first 32GB address space. The Java Heap base address is the
#     maximum limit for the native heap growth. Please use -XX:HeapBaseMinAddress
#     to set the Java Heap base and to place the Java Heap above 32GB virtual address.
# This output file may be truncated or incomplete.
#
#  Out of Memory Error (virtualSpaceNode.cpp:110), pid=9756, tid=14344
#
# JRE version: OpenJDK Runtime Environment Temurin-17.0.18+8 (17.0.18+8) (build 17.0.18+8)
# Java VM: OpenJDK 64-Bit Server VM Temurin-17.0.18+8 (17.0.18+8, mixed mode, sharing, tiered, compressed oops, compressed class ptrs, g1 gc, windows-amd64)
# No core dump will be written. Minidumps are not enabled by default on client versions of Windows
#

---------------  S U M M A R Y ------------

Command Line: --add-opens=java.base/java.lang=ALL-UNNAMED --add-opens=java.base/java.lang.invoke=ALL-UNNAMED --add-opens=java.base/java.util=ALL-UNNAMED --add-opens=java.prefs/java.util.prefs=ALL-UNNAMED --add-exports=jdk.compiler/com.sun.tools.javac.api=ALL-UNNAMED --add-exports=jdk.compiler/com.sun.tools.javac.util=ALL-UNNAMED --add-opens=java.base/java.util=ALL-UNNAMED --add-opens=java.prefs/java.util.prefs=ALL-UNNAMED --add-opens=java.base/java.nio.charset=ALL-UNNAMED --add-opens=java.base/java.net=ALL-UNNAMED --add-opens=java.base/java.util.concurrent=ALL-UNNAMED --add-opens=java.base/java.util.concurrent.atomic=ALL-UNNAMED --add-opens=java.xml/javax.xml.namespace=ALL-UNNAMED --add-opens=java.base/java.time=ALL-UNNAMED -Xmx4096m -Dfile.encoding=UTF-8 -Duser.country=US -Duser.language=en -Duser.variant -javaagent:C:\Users\LENOVO\.gradle\wrapper\dists\gradle-9.1.0-bin\9agqghryom9wkf8r80qlhnts3\gradle-9.1.0\lib\agents\gradle-instrumentation-agent-9.1.0.jar org.gradle.launcher.daemon.bootstrap.GradleDaemon 9.1.0

Host: AMD Ryzen 3 PRO 4450U with Radeon Graphics, 8 cores, 7G,  Windows 11 , 64 bit Build 26100 (10.0.26100.8521)
Time: Sun Jun 14 11:01:16 2026 Morocco Daylight Time elapsed time: 23.020116 seconds (0d 0h 0m 23s)

---------------  T H R E A D  ---------------

Current thread (0x000001eee333c920):  JavaThread "Daemon worker" [_thread_in_vm, id=14344, stack(0x0000008184000000,0x0000008184100000)]

Stack: [0x0000008184000000,0x0000008184100000]
Native frames: (J=compiled Java code, j=interpreted, Vv=VM code, C=native code)
V  [jvm.dll+0x6846f9]
V  [jvm.dll+0x839ea5]
V  [jvm.dll+0x83b91e]
V  [jvm.dll+0x83bfa3]
V  [jvm.dll+0x248eff]
V  [jvm.dll+0x835c8d]
V  [jvm.dll+0x6291fd]
V  [jvm.dll+0x1c0710]
V  [jvm.dll+0x62bb72]
V  [jvm.dll+0x629bb6]
V  [jvm.dll+0x23dff4]
V  [jvm.dll+0x1eaf6f]
V  [jvm.dll+0x1e08d1]
V  [jvm.dll+0x548119]
V  [jvm.dll+0x7b4b68]
V  [jvm.dll+0x7b4c64]
V  [jvm.dll+0x414bb4]
V  [jvm.dll+0x41b619]
C  [java.dll+0x17ec]

Java frames: (J=compiled Java code, j=interpreted, Vv=VM code)
J 821  java.lang.ClassLoader.defineClass1(Ljava/lang/ClassLoader;Ljava/lang/String;[BIILjava/security/ProtectionDomain;Ljava/lang/String;)Ljava/lang/Class; java.base@17.0.18 (0 bytes) @ 0x000001ee87b2c803 [0x000001ee87b2c740+0x00000000000000c3]
J 3699 c2 java.lang.ClassLoader.defineClass(Ljava/lang/String;[BIILjava/security/ProtectionDomain;)Ljava/lang/Class; java.base@17.0.18 (43 bytes) @ 0x000001ee87d2f304 [0x000001ee87d2ec40+0x00000000000006c4]
J 4150 c2 java.security.SecureClassLoader.defineClass(Ljava/lang/String;[BIILjava/security/CodeSource;)Ljava/lang/Class; java.base@17.0.18 (16 bytes) @ 0x000001ee87dbdc7c [0x000001ee87dbdb40+0x000000000000013c]
J 3811 c2 java.lang.ClassLoader.loadClass(Ljava/lang/String;Z)Ljava/lang/Class; java.base@17.0.18 (121 bytes) @ 0x000001ee87d8a1b8 [0x000001ee87d88c40+0x0000000000001578]
J 3000 c2 java.lang.ClassLoader.loadClass(Ljava/lang/String;)Ljava/lang/Class; java.base@17.0.18 (7 bytes) @ 0x000001ee87ca8e60 [0x000001ee87ca8e20+0x0000000000000040]
v  ~StubRoutines::call_stub
j  org.gradle.execution.plan.DefaultExecutionPlan.<init>(Ljava/lang/String;Lorg/gradle/execution/plan/TaskNodeFactory;Lorg/gradle/execution/plan/OrdinalGroupFactory;Lorg/gradle/execution/plan/TaskDependencyResolver;Lorg/gradle/execution/plan/ExecutionNodeAccessHierarchy;Lorg/gradle/execution/plan/ExecutionNodeAccessHierarchy;Lorg/gradle/internal/resources/ResourceLockCoordinationService;)V+16
j  org.gradle.execution.plan.ExecutionPlanFactory.createPlan()Lorg/gradle/execution/plan/ExecutionPlan;+32
j  org.gradle.internal.build.DefaultBuildWorkPreparer.newExecutionPlan()Lorg/gradle/execution/plan/ExecutionPlan;+4
j  org.gradle.internal.build.BuildOperationFiringBuildWorkPreparer.newExecutionPlan()Lorg/gradle/execution/plan/ExecutionPlan;+4
j  org.gradle.internal.build.DefaultBuildLifecycleController.newWorkGraph()Lorg/gradle/execution/plan/BuildWorkPlan;+4
j  org.gradle.internal.build.DefaultBuildWorkGraphController$DefaultBuildWorkGraph.createPlan()V+15
j  org.gradle.internal.build.DefaultBuildWorkGraphController$DefaultBuildWorkGraph.getOwnedPlan()Lorg/gradle/execution/plan/BuildWorkPlan;+5
j  org.gradle.internal.build.DefaultBuildWorkGraphController$DefaultBuildWorkGraph.populateWorkGraph(Ljava/util/function/Consumer;)V+1
j  org.gradle.composite.internal.DefaultBuildController.populateWorkGraph(Ljava/util/function/Consumer;)V+12
j  org.gradle.composite.internal.DefaultIncludedBuildTaskGraph$DefaultBuildTreeWorkGraphBuilder.withWorkGraph(Lorg/gradle/internal/build/BuildState;Ljava/util/function/Consumer;)V+6
j  org.gradle.internal.buildtree.DefaultBuildTreeWorkPreparer.lambda$scheduleRequestedTasks$1(Lorg/gradle/execution/EntryTaskSelector;Lorg/gradle/internal/buildtree/BuildTreeWorkGraph$Builder;)V+36
j  org.gradle.internal.buildtree.DefaultBuildTreeWorkPreparer$$Lambda$1539+0x000001ee9db9d248.accept(Ljava/lang/Object;)V+12
j  org.gradle.composite.internal.DefaultIncludedBuildTaskGraph$DefaultBuildTreeWorkGraph$1.run(Lorg/gradle/internal/operations/BuildOperationContext;)V+40
J 10016 c1 org.gradle.internal.operations.DefaultBuildOperationRunner$1.execute(Lorg/gradle/internal/operations/BuildOperation;Lorg/gradle/internal/operations/BuildOperationContext;)V (10 bytes) @ 0x000001ee811aeb14 [0x000001ee811ae8c0+0x0000000000000254]
J 6583 c1 org.gradle.internal.operations.DefaultBuildOperationRunner$2.execute(Lorg/gradle/internal/operations/BuildOperationDescriptor;Lorg/gradle/internal/operations/BuildOperationState;Lorg/gradle/internal/operations/BuildOperationState;Lorg/gradle/internal/operations/DefaultBuildOperationRunner$ReadableBuildOperationContext;Lorg/gradle/internal/operations/DefaultBuildOperationRunner$BuildOperationExecutionListener;)Lorg/gradle/internal/operations/BuildOperation; (110 bytes) @ 0x000001ee80aafabc [0x000001ee80aaf8c0+0x00000000000001fc]
J 6336 c1 org.gradle.internal.operations.DefaultBuildOperationRunner$2.execute(Lorg/gradle/internal/operations/BuildOperationDescriptor;Lorg/gradle/internal/operations/BuildOperationState;Lorg/gradle/internal/operations/BuildOperationState;Lorg/gradle/internal/operations/DefaultBuildOperationRunner$ReadableBuildOperationContext;Lorg/gradle/internal/operations/DefaultBuildOperationRunner$BuildOperationExecutionListener;)Ljava/lang/Object; (12 bytes) @ 0x000001ee80a3e8b4 [0x000001ee80a3e840+0x0000000000000074]
J 6024 c1 org.gradle.internal.operations.DefaultBuildOperationRunner.execute(Lorg/gradle/internal/operations/BuildOperationDescriptor$Builder;Lorg/gradle/internal/operations/BuildOperationState;Lorg/gradle/internal/operations/DefaultBuildOperationRunner$BuildOperationExecution;)Ljava/lang/Object; (147 bytes) @ 0x000001ee8099cc8c [0x000001ee8099c100+0x0000000000000b8c]
J 6314 c1 org.gradle.internal.operations.DefaultBuildOperationRunner.execute(Lorg/gradle/internal/operations/BuildOperation;Lorg/gradle/internal/operations/BuildOperationWorker;Lorg/gradle/internal/operations/BuildOperationState;)V (23 bytes) @ 0x000001ee80a3330c [0x000001ee80a33060+0x00000000000002ac]
j  org.gradle.internal.operations.DefaultBuildOperationRunner.run(Lorg/gradle/internal/operations/RunnableBuildOperation;)V+9
j  org.gradle.composite.internal.DefaultIncludedBuildTaskGraph$DefaultBuildTreeWorkGraph.scheduleWork(Ljava/util/function/Consumer;)Lorg/gradle/internal/buildtree/BuildTreeWorkGraph$FinalizedGraph;+34
j  org.gradle.internal.buildtree.DefaultBuildTreeWorkPreparer.scheduleRequestedTasks(Lorg/gradle/internal/buildtree/BuildTreeWorkGraph;Lorg/gradle/execution/EntryTaskSelector;)Lorg/gradle/internal/buildtree/BuildTreeWorkGraph$FinalizedGraph;+17
j  org.gradle.internal.cc.impl.barrier.BarrierAwareBuildTreeWorkPreparer.scheduleRequestedTasks$lambda$0(Lorg/gradle/internal/cc/impl/barrier/BarrierAwareBuildTreeWorkPreparer;Lorg/gradle/internal/buildtree/BuildTreeWorkGraph;Lorg/gradle/execution/EntryTaskSelector;)Lorg/gradle/internal/buildtree/BuildTreeWorkGraph$FinalizedGraph;+6
j  org.gradle.internal.cc.impl.barrier.BarrierAwareBuildTreeWorkPreparer$$Lambda$320+0x000001ee9d34dfa8.invoke()Ljava/lang/Object;+12
j  org.gradle.internal.cc.impl.barrier.VintageConfigurationTimeActionRunner.runConfigurationTimeAction(Lkotlin/jvm/functions/Function0;)Ljava/lang/Object;+25
j  org.gradle.internal.cc.impl.barrier.BarrierAwareBuildTreeWorkPreparer.scheduleRequestedTasks(Lorg/gradle/internal/buildtree/BuildTreeWorkGraph;Lorg/gradle/execution/EntryTaskSelector;)Lorg/gradle/internal/buildtree/BuildTreeWorkGraph$FinalizedGraph;+18
j  org.gradle.internal.cc.impl.VintageBuildTreeWorkController$scheduleAndRunRequestedTasks$1.apply(Lorg/gradle/internal/buildtree/BuildTreeWorkGraph;)Lorg/gradle/internal/build/ExecutionResult;+18
j  org.gradle.internal.cc.impl.VintageBuildTreeWorkController$scheduleAndRunRequestedTasks$1.apply(Ljava/lang/Object;)Ljava/lang/Object;+5
j  org.gradle.composite.internal.DefaultIncludedBuildTaskGraph.withNewWorkGraph(Ljava/util/function/Function;)Ljava/lang/Object;+30
j  org.gradle.internal.cc.impl.VintageBuildTreeWorkController.scheduleAndRunRequestedTasks(Lorg/gradle/execution/EntryTaskSelector;)Lorg/gradle/internal/build/ExecutionResult;+16
j  org.gradle.internal.buildtree.DefaultBuildTreeLifecycleController.lambda$scheduleAndRunTasks$1(Lorg/gradle/execution/EntryTaskSelector;)Lorg/gradle/internal/build/ExecutionResult;+5
j  org.gradle.internal.buildtree.DefaultBuildTreeLifecycleController$$Lambda$315+0x000001ee9d364a40.get()Ljava/lang/Object;+8
j  org.gradle.internal.buildtree.DefaultBuildTreeLifecycleController.lambda$runBuild$4(Ljava/util/function/Supplier;)Ljava/lang/Object;+1
j  org.gradle.internal.buildtree.DefaultBuildTreeLifecycleController$$Lambda$316+0x000001ee9d364c60.get()Ljava/lang/Object;+8
j  org.gradle.internal.model.StateTransitionController.lambda$transition$6(Ljava/util/function/Supplier;)Lorg/gradle/internal/build/ExecutionResult;+1
j  org.gradle.internal.model.StateTransitionController$$Lambda$318+0x000001ee9d368000.get()Ljava/lang/Object;+4
j  org.gradle.internal.model.StateTransitionController.doTransition(Lorg/gradle/internal/model/StateTransitionController$State;Lorg/gradle/internal/model/StateTransitionController$State;Ljava/util/function/Supplier;)Lorg/gradle/internal/build/ExecutionResult;+24
j  org.gradle.internal.model.StateTransitionController.lambda$transition$7(Lorg/gradle/internal/model/StateTransitionController$State;Lorg/gradle/internal/model/StateTransitionController$State;Ljava/util/function/Supplier;)Ljava/lang/Object;+9
j  org.gradle.internal.model.StateTransitionController$$Lambda$317+0x000001ee9d364400.create()Ljava/lang/Object;+16
j  org.gradle.internal.work.DefaultSynchronizer.withLock(Lorg/gradle/internal/Factory;)Ljava/lang/Object;+6
j  org.gradle.internal.model.StateTransitionController.transition(Lorg/gradle/internal/model/StateTransitionController$State;Lorg/gradle/internal/model/StateTransitionController$State;Ljava/util/function/Supplier;)Ljava/lang/Object;+13
j  org.gradle.internal.buildtree.DefaultBuildTreeLifecycleController.runBuild(Ljava/util/function/Supplier;)Ljava/lang/Object;+17
j  org.gradle.internal.buildtree.DefaultBuildTreeLifecycleController.scheduleAndRunTasks(Lorg/gradle/execution/EntryTaskSelector;)V+8
j  org.gradle.internal.buildtree.DefaultBuildTreeLifecycleController.scheduleAndRunTasks()V+2
j  org.gradle.tooling.internal.provider.ExecuteBuildActionRunner.run(Lorg/gradle/internal/invocation/BuildAction;Lorg/gradle/internal/buildtree/BuildTreeLifecycleController;)Lorg/gradle/internal/buildtree/BuildActionRunner$Result;+12
j  org.gradle.launcher.exec.ChainingBuildActionRunner.run(Lorg/gradle/internal/invocation/BuildAction;Lorg/gradle/internal/buildtree/BuildTreeLifecycleController;)Lorg/gradle/internal/buildtree/BuildActionRunner$Result;+34
j  org.gradle.internal.buildtree.ProblemReportingBuildActionRunner.run(Lorg/gradle/internal/invocation/BuildAction;Lorg/gradle/internal/buildtree/BuildTreeLifecycleController;)Lorg/gradle/internal/buildtree/BuildActionRunner$Result;+12
j  org.gradle.launcher.exec.BuildOutcomeReportingBuildActionRunner.run(Lorg/gradle/internal/invocation/BuildAction;Lorg/gradle/internal/buildtree/BuildTreeLifecycleController;)Lorg/gradle/internal/buildtree/BuildActionRunner$Result;+69
j  org.gradle.tooling.internal.provider.FileSystemWatchingBuildActionRunner.run(Lorg/gradle/internal/invocation/BuildAction;Lorg/gradle/internal/buildtree/BuildTreeLifecycleController;)Lorg/gradle/internal/buildtree/BuildActionRunner$Result;+317
j  org.gradle.launcher.exec.BuildCompletionNotifyingBuildActionRunner.run(Lorg/gradle/internal/invocation/BuildAction;Lorg/gradle/internal/buildtree/BuildTreeLifecycleController;)Lorg/gradle/internal/buildtree/BuildActionRunner$Result;+6
j  org.gradle.launcher.exec.RootBuildLifecycleBuildActionExecutor.lambda$execute$0(Lorg/gradle/internal/invocation/BuildAction;Lorg/gradle/internal/buildtree/BuildTreeLifecycleController;)Lorg/gradle/internal/buildtree/BuildActionRunner$Result;+6
j  org.gradle.launcher.exec.RootBuildLifecycleBuildActionExecutor$$Lambda$286+0x000001ee9d350420.apply(Ljava/lang/Object;)Ljava/lang/Object;+12
j  org.gradle.composite.internal.DefaultRootBuildState.run(Ljava/util/function/Function;)Ljava/lang/Object;+92
j  org.gradle.launcher.exec.RootBuildLifecycleBuildActionExecutor.execute(Lorg/gradle/internal/invocation/BuildAction;Lorg/gradle/internal/buildtree/BuildTreeContext;)Lorg/gradle/internal/buildtree/BuildActionRunner$Result;+119
j  org.gradle.internal.buildtree.InitDeprecationLoggingActionExecutor.execute(Lorg/gradle/internal/invocation/BuildAction;Lorg/gradle/internal/buildtree/BuildTreeContext;)Lorg/gradle/internal/buildtree/BuildActionRunner$Result;+83
j  org.gradle.internal.buildtree.InitProblems.execute(Lorg/gradle/internal/invocation/BuildAction;Lorg/gradle/internal/buildtree/BuildTreeContext;)Lorg/gradle/internal/buildtree/BuildActionRunner$Result;+13
j  org.gradle.internal.buildtree.DefaultBuildTreeContext.execute(Lorg/gradle/internal/invocation/BuildAction;)Lorg/gradle/internal/buildtree/BuildActionRunner$Result;+64
j  org.gradle.launcher.exec.BuildTreeLifecycleBuildActionExecutor.lambda$execute$0(Lorg/gradle/internal/invocation/BuildAction;Lorg/gradle/internal/buildtree/BuildTreeContext;)Lorg/gradle/internal/buildtree/BuildActionRunner$Result;+2
j  org.gradle.launcher.exec.BuildTreeLifecycleBuildActionExecutor$$Lambda$209+0x000001ee9d26f9f8.apply(Ljava/lang/Object;)Ljava/lang/Object;+8
j  org.gradle.internal.buildtree.BuildTreeState.run(Ljava/util/function/Function;)Ljava/lang/Object;+47
j  org.gradle.launcher.exec.BuildTreeLifecycleBuildActionExecutor.execute(Lorg/gradle/internal/invocation/BuildAction;Lorg/gradle/internal/session/BuildSessionContext;)Lorg/gradle/internal/buildtree/BuildActionRunner$Result;+74
j  org.gradle.launcher.exec.RunAsBuildOperationBuildActionExecutor$2.call(Lorg/gradle/internal/operations/BuildOperationContext;)Lorg/gradle/internal/buildtree/BuildActionRunner$Result;+25
j  org.gradle.launcher.exec.RunAsBuildOperationBuildActionExecutor$2.call(Lorg/gradle/internal/operations/BuildOperationContext;)Ljava/lang/Object;+2
j  org.gradle.internal.operations.DefaultBuildOperationRunner$CallableBuildOperationWorker.execute(Lorg/gradle/internal/operations/CallableBuildOperation;Lorg/gradle/internal/operations/BuildOperationContext;)V+3
j  org.gradle.internal.operations.DefaultBuildOperationRunner$CallableBuildOperationWorker.execute(Lorg/gradle/internal/operations/BuildOperation;Lorg/gradle/internal/operations/BuildOperationContext;)V+6
j  org.gradle.internal.operations.DefaultBuildOperationRunner$2.execute(Lorg/gradle/internal/operations/BuildOperationDescriptor;Lorg/gradle/internal/operations/BuildOperationState;Lorg/gradle/internal/operations/BuildOperationState;Lorg/gradle/internal/operations/DefaultBuildOperationRunner$ReadableBuildOperationContext;Lorg/gradle/internal/operations/DefaultBuildOperationRunner$BuildOperationExecutionListener;)Lorg/gradle/internal/operations/BuildOperation;+22
j  org.gradle.internal.operations.DefaultBuildOperationRunner$2.execute(Lorg/gradle/internal/operations/BuildOperationDescriptor;Lorg/gradle/internal/operations/BuildOperationState;Lorg/gradle/internal/operations/BuildOperationState;Lorg/gradle/internal/operations/DefaultBuildOperationRunner$ReadableBuildOperationContext;Lorg/gradle/internal/operations/DefaultBuildOperationRunner$BuildOperationExecutionListener;)Ljava/lang/Object;+8
j  org.gradle.internal.operations.DefaultBuildOperationRunner.execute(Lorg/gradle/internal/operations/BuildOperationDescriptor$Builder;Lorg/gradle/internal/operations/BuildOperationState;Lorg/gradle/internal/operations/DefaultBuildOperationRunner$BuildOperationExecution;)Ljava/lang/Object;+141
j  org.gradle.internal.operations.DefaultBuildOperationRunner.execute(Lorg/gradle/internal/operations/BuildOperation;Lorg/gradle/internal/operations/BuildOperationWorker;Lorg/gradle/internal/operations/BuildOperationState;)V+18
j  org.gradle.internal.operations.DefaultBuildOperationRunner.call(Lorg/gradle/internal/operations/CallableBuildOperation;)Ljava/lang/Object;+16
j  org.gradle.launcher.exec.RunAsBuildOperationBuildActionExecutor.execute(Lorg/gradle/internal/invocation/BuildAction;Lorg/gradle/internal/session/BuildSessionContext;)Lorg/gradle/internal/buildtree/BuildActionRunner$Result;+23
j  org.gradle.launcher.exec.RunAsWorkerThreadBuildActionExecutor.lambda$execute$0(Lorg/gradle/internal/invocation/BuildAction;Lorg/gradle/internal/session/BuildSessionContext;)Lorg/gradle/internal/buildtree/BuildActionRunner$Result;+6
j  org.gradle.launcher.exec.RunAsWorkerThreadBuildActionExecutor$$Lambda$205+0x000001ee9d2416c8.create()Ljava/lang/Object;+12
j  org.gradle.internal.work.DefaultWorkerLeaseService.withLocks(Ljava/util/Collection;Lorg/gradle/internal/Factory;)Ljava/lang/Object;+28
j  org.gradle.internal.work.DefaultWorkerLeaseService.runAsWorkerThread(Lorg/gradle/internal/Factory;)Ljava/lang/Object;+33
j  org.gradle.launcher.exec.RunAsWorkerThreadBuildActionExecutor.execute(Lorg/gradle/internal/invocation/BuildAction;Lorg/gradle/internal/session/BuildSessionContext;)Lorg/gradle/internal/buildtree/BuildActionRunner$Result;+12
j  org.gradle.tooling.internal.provider.continuous.ContinuousBuildActionExecutor.execute(Lorg/gradle/internal/invocation/BuildAction;Lorg/gradle/internal/session/BuildSessionContext;)Lorg/gradle/internal/buildtree/BuildActionRunner$Result;+58
j  org.gradle.tooling.internal.provider.SubscribableBuildActionExecutor.execute(Lorg/gradle/internal/invocation/BuildAction;Lorg/gradle/internal/session/BuildSessionContext;)Lorg/gradle/internal/buildtree/BuildActionRunner$Result;+30
j  org.gradle.internal.session.DefaultBuildSessionContext.execute(Lorg/gradle/internal/invocation/BuildAction;)Lorg/gradle/internal/buildtree/BuildActionRunner$Result;+64
j  org.gradle.internal.buildprocess.execution.BuildSessionLifecycleBuildActionExecutor$ActionImpl.apply(Lorg/gradle/internal/session/BuildSessionContext;)Lorg/gradle/launcher/exec/BuildActionResult;+6
j  org.gradle.internal.buildprocess.execution.BuildSessionLifecycleBuildActionExecutor$ActionImpl.apply(Ljava/lang/Object;)Ljava/lang/Object;+5
j  org.gradle.internal.session.BuildSessionState.run(Ljava/util/function/Function;)Ljava/lang/Object;+5
j  org.gradle.internal.buildprocess.execution.BuildSessionLifecycleBuildActionExecutor.execute(Lorg/gradle/internal/invocation/BuildAction;Lorg/gradle/launcher/exec/BuildActionParameters;Lorg/gradle/initialization/BuildRequestContext;)Lorg/gradle/launcher/exec/BuildActionResult;+95
j  org.gradle.internal.buildprocess.execution.BuildSessionLifecycleBuildActionExecutor.execute(Lorg/gradle/internal/invocation/BuildAction;Ljava/lang/Object;Ljava/lang/Object;)Lorg/gradle/launcher/exec/BuildActionResult;+10
j  org.gradle.internal.buildprocess.execution.StartParamsValidatingActionExecutor.execute(Lorg/gradle/internal/invocation/BuildAction;Lorg/gradle/launcher/exec/BuildActionParameters;Lorg/gradle/initialization/BuildRequestContext;)Lorg/gradle/launcher/exec/BuildActionResult;+142
j  org.gradle.internal.buildprocess.execution.StartParamsValidatingActionExecutor.execute(Lorg/gradle/internal/invocation/BuildAction;Ljava/lang/Object;Ljava/lang/Object;)Lorg/gradle/launcher/exec/BuildActionResult;+10
j  org.gradle.internal.buildprocess.execution.SessionFailureReportingActionExecutor.execute(Lorg/gradle/internal/invocation/BuildAction;Lorg/gradle/launcher/exec/BuildActionParameters;Lorg/gradle/initialization/BuildRequestContext;)Lorg/gradle/launcher/exec/BuildActionResult;+7
j  org.gradle.internal.buildprocess.execution.SessionFailureReportingActionExecutor.execute(Lorg/gradle/internal/invocation/BuildAction;Ljava/lang/Object;Ljava/lang/Object;)Lorg/gradle/launcher/exec/BuildActionResult;+10
j  org.gradle.internal.buildprocess.execution.SetupLoggingActionExecutor.execute(Lorg/gradle/internal/invocation/BuildAction;Lorg/gradle/launcher/exec/BuildActionParameters;Lorg/gradle/initialization/BuildRequestContext;)Lorg/gradle/launcher/exec/BuildActionResult;+50
j  org.gradle.internal.buildprocess.execution.SetupLoggingActionExecutor.execute(Lorg/gradle/internal/invocation/BuildAction;Ljava/lang/Object;Ljava/lang/Object;)Lorg/gradle/launcher/exec/BuildActionResult;+10
j  org.gradle.launcher.daemon.server.exec.ExecuteBuild.doBuild(Lorg/gradle/launcher/daemon/server/api/DaemonCommandExecution;Lorg/gradle/launcher/daemon/protocol/Build;)V+147
j  org.gradle.launcher.daemon.server.exec.BuildCommandOnly.execute(Lorg/gradle/launcher/daemon/server/api/DaemonCommandExecution;)V+49
j  org.gradle.launcher.daemon.server.api.DaemonCommandExecution.proceed()Z+23
j  org.gradle.launcher.daemon.server.exec.WatchForDisconnection.execute(Lorg/gradle/launcher/daemon/server/api/DaemonCommandExecution;)V+19
j  org.gradle.launcher.daemon.server.api.DaemonCommandExecution.proceed()Z+23
j  org.gradle.launcher.daemon.server.exec.ResetDeprecationLogger.execute(Lorg/gradle/launcher/daemon/server/api/DaemonCommandExecution;)V+7
j  org.gradle.launcher.daemon.server.api.DaemonCommandExecution.proceed()Z+23
j  org.gradle.launcher.daemon.server.exec.RequestStopIfSingleUsedDaemon.execute(Lorg/gradle/launcher/daemon/server/api/DaemonCommandExecution;)V+33
j  org.gradle.launcher.daemon.server.api.DaemonCommandExecution.proceed()Z+23
j  org.gradle.launcher.daemon.server.exec.ForwardClientInput.lambda$execute$0(Lorg/gradle/launcher/daemon/server/api/DaemonCommandExecution;Lorg/gradle/internal/daemon/clientinput/StdinHandler;)Ljava/lang/Object;+11
j  org.gradle.launcher.daemon.server.exec.ForwardClientInput$$Lambda$115+0x000001ee9d13c8b0.apply(Ljava/lang/Object;)Ljava/lang/Object;+8
j  org.gradle.internal.daemon.clientinput.ClientInputForwarder.forwardInput(Ljava/util/function/Function;)Ljava/lang/Object;+46
j  org.gradle.launcher.daemon.server.exec.ForwardClientInput.execute(Lorg/gradle/launcher/daemon/server/api/DaemonCommandExecution;)V+10
j  org.gradle.launcher.daemon.server.api.DaemonCommandExecution.proceed()Z+23
j  org.gradle.launcher.daemon.server.exec.LogAndCheckHealth.execute(Lorg/gradle/launcher/daemon/server/api/DaemonCommandExecution;)V+51
j  org.gradle.launcher.daemon.server.api.DaemonCommandExecution.proceed()Z+23
j  org.gradle.launcher.daemon.server.exec.LogToClient.doBuild(Lorg/gradle/launcher/daemon/server/api/DaemonCommandExecution;Lorg/gradle/launcher/daemon/protocol/Build;)V+87
j  org.gradle.launcher.daemon.server.exec.BuildCommandOnly.execute(Lorg/gradle/launcher/daemon/server/api/DaemonCommandExecution;)V+49
j  org.gradle.launcher.daemon.server.api.DaemonCommandExecution.proceed()Z+23
j  org.gradle.launcher.daemon.server.exec.EstablishBuildEnvironment.doBuild(Lorg/gradle/launcher/daemon/server/api/DaemonCommandExecution;Lorg/gradle/launcher/daemon/protocol/Build;)V+356
j  org.gradle.launcher.daemon.server.exec.BuildCommandOnly.execute(Lorg/gradle/launcher/daemon/server/api/DaemonCommandExecution;)V+49
j  org.gradle.launcher.daemon.server.api.DaemonCommandExecution.proceed()Z+23
j  org.gradle.launcher.daemon.server.exec.StartBuildOrRespondWithBusy$1.run()V+44
j  org.gradle.launcher.daemon.server.DaemonStateCoordinator.lambda$runCommand$0(Ljava/lang/Runnable;)V+1
j  org.gradle.launcher.daemon.server.DaemonStateCoordinator$$Lambda$114+0x000001ee9d137348.run()V+8
j  org.gradle.internal.concurrent.ExecutorPolicy$CatchAndRecordFailures.onExecute(Ljava/lang/Runnable;)V+1
j  org.gradle.internal.concurrent.AbstractManagedExecutor$1.run()V+25
j  java.util.concurrent.ThreadPoolExecutor.runWorker(Ljava/util/concurrent/ThreadPoolExecutor$Worker;)V+92 java.base@17.0.18
j  java.util.concurrent.ThreadPoolExecutor$Worker.run()V+5 java.base@17.0.18
j  java.lang.Thread.run()V+11 java.base@17.0.18
v  ~StubRoutines::call_stub

Compiled method (n/a) 23045  821     n 0       java.lang.ClassLoader::defineClass1 (native)
 total in heap  [0x000001ee87b2c590,0x000001ee87b2ca90] = 1280
 relocation     [0x000001ee87b2c6f0,0x000001ee87b2c728] = 56
 main code      [0x000001ee87b2c740,0x000001ee87b2ca90] = 848

[Constant Pool (empty)]

[MachCode]
[Entry Point]
  # {method} {0x000001ee9c010f18} 'defineClass1' '(Ljava/lang/ClassLoader;Ljava/lang/String;[BIILjava/security/ProtectionDomain;Ljava/lang/String;)Ljava/lang/Class;' in 'java/lang/ClassLoader'
  # parm0:    rdx:rdx   = 'java/lang/ClassLoader'
  # parm1:    r8:r8     = 'java/lang/String'
  # parm2:    r9:r9     = '[B'
  # parm3:    rdi       = int
  # parm4:    rsi       = int
  # parm5:    rcx:rcx   = 'java/security/ProtectionDomain'
  # parm6:    [sp+0xa0]   = 'java/lang/String'  (sp of caller)
  0x000001ee87b2c740: 448b 5208 | 49bb 0000 | 009c ee01 | 0000 4d03 | d349 3bc2 | 0f84 0600 

  0x000001ee87b2c758: ;   {runtime_call ic_miss_stub}
  0x000001ee87b2c758: 0000 e921 | 49a5 ff90 
[Verified Entry Point]
  0x000001ee87b2c760: 8984 2400 | 90ff ff55 | 488b ec48 | 81ec 9000 | 0000 4881 | 7d10 0000 | 0000 488d | 4510 480f 
  0x000001ee87b2c780: 4445 1048 | 8944 2440 | 4889 4c24 | 7048 83f9 | 0048 8d44 | 2470 480f | 4444 2470 | 4889 4424 
  0x000001ee87b2c7a0: 3848 8974 | 2430 4889 | 7c24 284c | 894c 2458 | 4983 f900 | 488d 4424 | 5848 0f44 | 4424 5848 
  0x000001ee87b2c7c0: 8944 2420 | 4c89 4424 | 5049 83f8 | 004c 8d4c | 2450 4c0f | 444c 2450 | 4889 5424 | 4848 83fa 
  0x000001ee87b2c7e0: 004c 8d44 | 2448 4c0f | 4444 2448 

  0x000001ee87b2c7ec: ;   {oop(a 'java/lang/Class'{0x00000007005dacd0} = 'java/lang/ClassLoader')}
  0x000001ee87b2c7ec: 49be d0ac | 5d00 0700 | 0000 4c89 | 7424 784c | 8d74 2478 | 498b d6c5 

  0x000001ee87b2c804: ;   {internal_word}
  0x000001ee87b2c804: f877 49ba | 03c8 b287 | ee01 0000 | 4d89 97a0 | 0200 0049 | 89a7 9802 

  0x000001ee87b2c81c: ;   {external_word}
  0x000001ee87b2c81c: 0000 49ba | d5c6 64e4 | fe7f 0000 | 4180 3a00 | 0f84 5200 | 0000 5241 

  0x000001ee87b2c834: ;   {metadata({method} {0x000001ee9c010f18} 'defineClass1' '(Ljava/lang/ClassLoader;Ljava/lang/String;[BIILjava/security/ProtectionDomain;Ljava/lang/String;)Ljava/lang/Class;' in 'java/lang/ClassLoader')}
  0x000001ee87b2c834: 5041 5148 | ba10 0f01 | 9cee 0100 | 0049 8bcf | 4883 ec20 | f7c4 0f00 | 0000 0f84 | 1a00 0000 
  0x000001ee87b2c854: 4883 ec08 

  0x000001ee87b2c858: ;   {runtime_call}
  0x000001ee87b2c858: 49ba 50a0 | 1ae4 fe7f | 0000 41ff | d248 83c4 | 08e9 0d00 

  0x000001ee87b2c86c: ;   {runtime_call}
  0x000001ee87b2c86c: 0000 49ba | 50a0 1ae4 | fe7f 0000 | 41ff d248 | 83c4 2041 | 5941 585a | 498d 8fb8 | 0200 0041 
  0x000001ee87b2c88c: c787 4003 | 0000 0400 

  0x000001ee87b2c894: ;   {runtime_call}
  0x000001ee87b2c894: 0000 49ba | ac16 974f | ff7f 0000 | 41ff d2c5 | f877 41c7 | 8740 0300 | 0005 0000 | 00f0 8344 
  0x000001ee87b2c8b4: 24c0 0049 | 3baf 4803 | 0000 0f87 | 1100 0000 | 4181 bf30 | 0300 0000 | 0000 000f | 842c 0000 
  0x000001ee87b2c8d4: 00c5 f877 | 4889 45f8 | 498b cf4c | 8be4 4883 | ec20 4883 

  0x000001ee87b2c8e8: ;   {runtime_call}
  0x000001ee87b2c8e8: e4f0 49ba | a0af 2ae4 | fe7f 0000 | 41ff d249 | 8be4 4d33 | e448 8b45 | f841 c787 | 4003 0000 
  0x000001ee87b2c908: 0800 0000 | 4181 bfb0 | 0300 0002 | 0000 000f | 843f 0100 

  0x000001ee87b2c91c: ;   {external_word}
  0x000001ee87b2c91c: 0049 bad5 | c664 e4fe | 7f00 0041 | 803a 000f | 8450 0000 | 0048 8945 

  0x000001ee87b2c934: ;   {metadata({method} {0x000001ee9c010f18} 'defineClass1' '(Ljava/lang/ClassLoader;Ljava/lang/String;[BIILjava/security/ProtectionDomain;Ljava/lang/String;)Ljava/lang/Class;' in 'java/lang/ClassLoader')}
  0x000001ee87b2c934: f848 ba10 | 0f01 9cee | 0100 0049 | 8bcf 4883 | ec20 f7c4 | 0f00 0000 | 0f84 1a00 | 0000 4883 
  0x000001ee87b2c954: ;   {runtime_call}
  0x000001ee87b2c954: ec08 49ba | 50a0 1ae4 | fe7f 0000 | 41ff d248 | 83c4 08e9 | 0d00 0000 

  0x000001ee87b2c96c: ;   {runtime_call}
  0x000001ee87b2c96c: 49ba 50a0 | 1ae4 fe7f | 0000 41ff | d248 83c4 | 2048 8b45 | f849 c787 | 9802 0000 | 0000 0000 
  0x000001ee87b2c98c: 49c7 87a0 | 0200 0000 | 0000 00c5 | f877 4885 | c00f 8493 | 0000 0048 | f7c0 0100 | 0000 0f84 
  0x000001ee87b2c9ac: 8300 0000 | 488b 40ff | 4180 7f38 | 000f 846f | 0000 0048 | 83f8 000f | 8465 0000 | 0049 8b4f 
  0x000001ee87b2c9cc: 2048 83f9 | 000f 8414 | 0000 0048 | 83e9 0849 | 894f 2049 | 034f 3048 | 8901 e943 | 0000 0050 
  0x000001ee87b2c9ec: 498b d748 | 8bc8 4883 | ec20 f7c4 | 0f00 0000 | 0f84 1a00 | 0000 4883 

  0x000001ee87b2ca04: ;   {runtime_call}
  0x000001ee87b2ca04: ec08 49ba | 106a d9e3 | fe7f 0000 | 41ff d248 | 83c4 08e9 | 0d00 0000 

  0x000001ee87b2ca1c: ;   {runtime_call}
  0x000001ee87b2ca1c: 49ba 106a | d9e3 fe7f | 0000 41ff | d248 83c4 | 2058 e903 | 0000 0048 | 8b00 498b | 8fd8 0000 
  0x000001ee87b2ca3c: 00c7 8100 | 0100 0000 | 0000 00c9 | 4981 7f08 | 0000 0000 | 0f85 0100 

  0x000001ee87b2ca54: ;   {runtime_call StubRoutines (1)}
  0x000001ee87b2ca54: 0000 c3e9 | a444 a0ff | c5f8 7748 | 8945 f84c | 8be4 4883 | ec20 4883 

  0x000001ee87b2ca6c: ;   {runtime_call}
  0x000001ee87b2ca6c: e4f0 49ba | 40d1 1ae4 | fe7f 0000 | 41ff d249 | 8be4 4d33 | e448 8b45 | f8e9 93fe | ffff f4f4 
  0x000001ee87b2ca8c: f4f4 f4f4 
[/MachCode]


Compiled method (c2) 23050 3699       4       java.lang.ClassLoader::defineClass (43 bytes)
 total in heap  [0x000001ee87d2e990,0x000001ee87d332f0] = 18784
 relocation     [0x000001ee87d2eaf0,0x000001ee87d2ec28] = 312
 main code      [0x000001ee87d2ec40,0x000001ee87d31d40] = 12544
 stub code      [0x000001ee87d31d40,0x000001ee87d31da0] = 96
 oops           [0x000001ee87d31da0,0x000001ee87d31db0] = 16
 metadata       [0x000001ee87d31db0,0x000001ee87d31e88] = 216
 scopes data    [0x000001ee87d31e88,0x000001ee87d32b78] = 3312
 scopes pcs     [0x000001ee87d32b78,0x000001ee87d33098] = 1312
 dependencies   [0x000001ee87d33098,0x000001ee87d330a0] = 8
 handler table  [0x000001ee87d330a0,0x000001ee87d33238] = 408
 nul chk table  [0x000001ee87d33238,0x000001ee87d332f0] = 184

[Constant Pool (empty)]

[MachCode]
[Entry Point]
  # {method} {0x000001ee9c010cb0} 'defineClass' '(Ljava/lang/String;[BIILjava/security/ProtectionDomain;)Ljava/lang/Class;' in 'java/lang/ClassLoader'
  # this:     rdx:rdx   = 'java/lang/ClassLoader'
  # parm0:    r8:r8     = 'java/lang/String'
  # parm1:    r9:r9     = '[B'
  # parm2:    rdi       = int
  # parm3:    rsi       = int
  # parm4:    rcx:rcx   = 'java/security/ProtectionDomain'
  #           [sp+0xb0]  (sp of caller)
  0x000001ee87d2ec40: 448b 5208 | 49bb 0000 | 009c ee01 | 0000 4d03 | d349 3bc2 

  0x000001ee87d2ec54: ;   {runtime_call ic_miss_stub}
  0x000001ee87d2ec54: 0f85 2624 | 85ff 6690 | 0f1f 4000 
[Verified Entry Point]
  0x000001ee87d2ec60: 8984 2400 | 90ff ff55 | 4881 eca0 | 0000 0089 | 7424 3c89 | 7c24 384c | 894c 2430 | 4c89 4424 
  0x000001ee87d2ec80: 2848 8954 | 2420 4c8b | c966 6690 

  0x000001ee87d2ec8c: ;   {optimized virtual_call}
  0x000001ee87d2ec8c: c5f8 77e8 

  0x000001ee87d2ec90: ; ImmutableOopMap {[32]=Oop [40]=Oop [48]=Oop }
                      ;*invokevirtual preDefineClass {reexecute=0 rethrow=0 return_oop=1}
                      ; - java.lang.ClassLoader::defineClass@4 (line 1015)
  0x000001ee87d2ec90: 4c2d 3400 | 4889 8424 | 8000 0000 

  0x000001ee87d2ec9c: ; implicit exception: dispatches to 0x000001ee87d31ab0
  0x000001ee87d2ec9c: 448b 5810 

  0x000001ee87d2eca0: ; implicit exception: dispatches to 0x000001ee87d31c3c
  0x000001ee87d2eca0: 478b 54dc | 0c44 8994 | 2488 0000 | 0045 85d2 | 0f84 ca21 | 0000 473b | 64d4 380f | 84a1 1e00 
  0x000001ee87d2ecc0: 0049 c1e2 | 034c 8954 | 2440 498b | 9f08 0100 | 004c 8bd3 | 4983 c218 | 4d3b 9718 | 0100 000f 
  0x000001ee87d2ece0: 833f 1a00 | 004d 8997 | 0801 0000 | 410f 1882 | 0001 0000 | 48c7 0301 

  0x000001ee87d2ecf8: ;   {metadata('java/lang/StringBuilder')}
  0x000001ee87d2ecf8: 0000 00c7 | 4308 e0f4 | 0000 4489 | 630c 4c89 | 6310 498b | 8708 0100 | 004c 8bd0 | 4983 c220 
  0x000001ee87d2ed18: 4d3b 9718 | 0100 000f | 83bb 1900 | 004d 8997 | 0801 0000 | 410f 1882 | 0001 0000 | 48c7 0001 
  0x000001ee87d2ed38: 0000 0041 | 0f18 8240 

  0x000001ee87d2ed40: ;   {metadata({type array byte})}
  0x000001ee87d2ed40: 0100 00c7 | 4008 2867 | 0000 410f | 1882 8001 | 0000 c740 | 0c10 0000 | 004c 8960 | 104c 8960 
  0x000001ee87d2ed60: 184c 8bdb | 4c8b d049 | c1ea 0344 | 8953 144c | 8bc0 4d33 | c349 c1e8 | 154d 85c0 | 0f84 b111 
  0x000001ee87d2ed80: 0000 49c1 | eb09 48b9 | 0000 348c | ee01 0000 | 4903 cb80 | 3904 0f85 | 9e11 0000 | 33ff 4488 
  0x000001ee87d2eda0: 6310 448b | 9c24 8800 | 0000 438b | 74dc 1485 | f60f 84af | 1200 0045 | 8b5c f414 

  0x000001ee87d2edbc: ; implicit exception: dispatches to 0x000001ee87d31b94
  0x000001ee87d2edbc: 438b 6cdc | 0c47 8b44 | d40c 410f | be4c f410 | d3fd 03fd | 412b f885 | ff0f 8f02 | 0d00 0045 
  0x000001ee87d2eddc: 8b6c f414 

  0x000001ee87d2ede0: ; implicit exception: dispatches to 0x000001ee87d31bb4
  0x000001ee87d2ede0: 478b 54ec | 0c8b 7b0c | 440f be43 | 1041 0fbe | 4cf4 1045 | 8bda 41d3 | fb44 3bc1 | 0f85 5a22 
  0x000001ee87d2ee00: 0000 8b43 | 1441 3bc8 | 0f85 4620 | 0000 418b | c841 d3e3 | d3e7 458b | 4cc4 0c85 | ff0f 8cd1 
  0x000001ee87d2ee20: 1e00 0045 | 3bd3 0f82 | c81e 0000 | 448b d745 | 03d3 453b | ca0f 82b9 | 1e00 0045 | 85db 0f8c 
  0x000001ee87d2ee40: b01e 0000 | 4585 db74 | 254f 8d14 | ec4b 8d4c | ec10 4d63 | c34d 8d14 | c449 8d54 | 3a10 c5f8 
  0x000001ee87d2ee60: 7749 ba40 | 8056 87ee | 0100 0041 | ffd2 016b | 0c44 8b5b | 1447 8b54 | dc0c 8b6b | 0c0f be4b 
  0x000001ee87d2ee80: 1045 8bca | 41d3 f98b | fd41 2bf9 | ffc7 85ff | 0f8f a604 | 0000 448b | 530c 458b | c241 ffc0 
  0x000001ee87d2eea0: 807b 1000 | 0f85 3810 | 0000 4489 | 430c 478b | 44dc 0c45 | 3bd0 0f83 | 2c1d 0000 | 49c1 e303 
  0x000001ee87d2eec0: 43c6 4413 | 103a 448b | 9c24 8800 | 0000 478b | 4cdc 2445 | 85c9 0f85 | bd0d 0000 

  0x000001ee87d2eedc: ;   {oop(""{0x000000070051ad80})}
  0x000001ee87d2eedc: 49bd 80ad | 5100 0700 | 0000 458b | 5d14 478b | 74dc 0c44 | 8b53 1447 | 8b4c d40c | 0fbe 7b10 
  0x000001ee87d2eefc: 410f be75 | 1041 8bd1 | 8bcf d3fa | 8bce 41d3 | fe41 8bee | 036b 0c44 | 8bc5 442b | c245 85c0 
  0x000001ee87d2ef1c: 0f8f 8005 | 0000 440f | be4b 1043 | 8b74 dc0c | 410f be4d | 1044 8b53 | 0c44 8bc6 | 41d3 f844 
  0x000001ee87d2ef3c: 3bc9 0f85 | 7c1f 0000 | 8b7b 1441 | 3bc9 0f85 | 141e 0000 | 418b c941 | d3e0 41d3 | e245 8b4c 
  0x000001ee87d2ef5c: fc0c 4585 | d20f 8ccd | 1c00 0041 | 3bf0 0f82 | c41c 0000 | 418b ca41 | 03c8 443b | c90f 82b5 
  0x000001ee87d2ef7c: 1c00 0045 | 85c0 0f8c | ac1c 0000 | 4585 c074 | 254d 8d0c | fc4b 8d54 | 1110 4d63 | c04f 8d14 
  0x000001ee87d2ef9c: dc4b 8d4c | dc10 c5f8 | 7749 ba40 | 8056 87ee | 0100 0041 | ffd2 4403 | 730c 4489 | 730c 448b 
  0x000001ee87d2efbc: 9c24 8800 | 0000 438b | 74dc 2845 | 8b54 f414 

  0x000001ee87d2efcc: ; implicit exception: dispatches to 0x000001ee87d31b0c
  0x000001ee87d2efcc: 478b 6cd4 | 0c44 8b5b | 1447 8b44 | dc0c 410f | be4c f410 | 0fbe 7b10 | 41d3 fd45 | 8bd0 8bcf 
  0x000001ee87d2efec: 41d3 fa41 | 8bed 4103 | ee44 8bcd | 452b ca45 | 85c9 0f8f | 1c06 0000 | 418b 6cf4 | 1445 8b5c 
  0x000001ee87d2f00c: ec0c 448b | 4b0c 0fbe | 7b10 410f | be4c f410 | 458b c341 | d3f8 3bf9 | 0f85 0a1f | 0000 448b 
  0x000001ee87d2f02c: 5314 3bcf | 0f85 9e1d | 0000 8bcf | 41d3 e041 | d3e1 438b | 7cd4 0c45 | 85c9 0f8c | 501c 0000 
  0x000001ee87d2f04c: 453b d80f | 8247 1c00 | 0045 8bd9 | 4503 d841 | 3bfb 0f82 | 381c 0000 | 4585 c00f | 8c2f 1c00 
  0x000001ee87d2f06c: 0045 85c0 | 7425 49c1 | e203 4b8d | 540a 104d | 63c0 4d8d | 14ec 498d | 4cec 10c5 | f877 49ba 
  0x000001ee87d2f08c: 4080 5687 | ee01 0000 | 41ff d244 | 036b 0c44 | 896b 0c44 | 8b9c 2488 | 0000 0043 | 8b6c dc20 
  0x000001ee87d2f0ac: 85ed 0f85 | e01e 0000 | 448b 5b14 

  0x000001ee87d2f0b8: ; implicit exception: dispatches to 0x000001ee87d31b54
  0x000001ee87d2f0b8: 478b 4cdc | 0c0f be4b | 1045 8bc1 | 41d3 f841 | 8bfd 412b | f885 ff0f | 8ff9 0600 | 0044 0fbe 
  0x000001ee87d2f0d8: 5b10 448b | 4b0c 4585 | db0f 85c1 | 1e00 008b | 6b14 458b | 54ec 0c45 | 85c9 0f8c | cc1b 0000 
  0x000001ee87d2f0f8: 453b d10f | 82c3 1b00 | 0044 8b94 | 2488 0000 | 0043 8b6c | d430 85ed | 0f85 e21e | 0000 448b 
  0x000001ee87d2f118: 4314 478b | 54c4 0c0f | be4b 1044 | 8b4b 0c45 | 8bda 41d3 | fb41 8bf9 | 412b fb85 | ff0f 8f3c 
  0x000001ee87d2f138: 0800 0085 | c90f 85c9 | 1e00 008b | 6b14 458b | 5cec 0c45 | 85c9 0f8c | 881b 0000 | 453b d90f 
  0x000001ee87d2f158: 827f 1b00 | 0044 0fbe | 5310 4585 | d20f 85c9 | 1c00 0044 | 8b53 0c45 | 85d2 0f84 | ac0d 0000 
  0x000001ee87d2f178: 4d8b af08 | 0100 0044 | 8b5b 144d | 8bc5 4983 | c018 4d3b | 8718 0100 | 000f 83bf | 1500 004d 
  0x000001ee87d2f198: 8987 0801 | 0000 410f | 1880 0001 | 0000 49c7 | 4500 0100 

  0x000001ee87d2f1ac: ;   {metadata('java/lang/String')}
  0x000001ee87d2f1ac: 0000 41c7 | 4508 e0e9 | 0000 4589 | 650c 4d89 | 6510 4585 | d20f 8cc5 | 1e00 0041 | 81fa 0000 
  0x000001ee87d2f1cc: 1000 0f87 | a019 0000 | 4d63 ca43 | 8b4c dc0c | 413b ca41 | 8bea 0f4c | e93b cd0f | 822b 1b00 
  0x000001ee87d2f1ec: 0044 3bd5 | 0f82 221b | 0000 4983 | c117 4d8b | c149 83e0 | f841 81fa | 0000 1000 | 0f87 7c15 
  0x000001ee87d2f20c: 0000 498b | 9f08 0100 | 0048 8bcb | 4903 c849 | 3b8f 1801 | 0000 0f83 | 6215 0000 | 4989 8f08 
  0x000001ee87d2f22c: 0100 000f | 1881 0001 | 0000 48c7 | 0301 0000 | 000f 1881 | 4001 0000 

  0x000001ee87d2f244: ;   {metadata({type array byte})}
  0x000001ee87d2f244: c743 0828 | 6700 0044 | 8953 0c0f | 1881 8001 | 0000 488b | d348 83c2 | 1049 c1e9 | 0348 8bf3 
  0x000001ee87d2f264: 48c1 ee03 | 85ed 0f84 | 0c19 0000 | 4b8d 0cdc | 4f8d 5cdc | 1041 3bea | 0f8c 010d | 0000 4983 
  0x000001ee87d2f284: c0f0 49c1 | e803 498b | cbc5 f877 | 49ba 6086 | 5687 ee01 | 0000 41ff | d241 807f | 3800 7500 
  0x000001ee87d2f2a4: 4189 7514 | 4c8b d34d | 8bdd 4d33 | d349 c1ea | 154d 85d2 | 741b 49c1 | eb09 49b8 | 0000 348c 
  0x000001ee87d2f2c4: ee01 0000 | 4d03 c341 | 8038 040f | 8544 0d00 | 0045 8865 | 1048 8b54 | 2420 4c8b | 4424 284c 
  0x000001ee87d2f2e4: 8b4c 2430 | 8b7c 2438 | 8b74 243c | 488b 8c24 | 8000 0000 | 4c89 2c24 

  0x000001ee87d2f2fc: ;   {static_call}
  0x000001ee87d2f2fc: c5f8 77e8 

  0x000001ee87d2f300: ; ImmutableOopMap {[32]=Oop [128]=Oop }
                      ;*invokestatic defineClass1 {reexecute=0 rethrow=0 return_oop=1}
                      ; - java.lang.ClassLoader::defineClass@27 (line 1017)
  0x000001ee87d2f300: 5cd4 dfff | 488b e848 | 8b54 2420 | 4c8b c04c | 8b8c 2480 | 0000 0090 

  0x000001ee87d2f318: ;   {optimized virtual_call}
  0x000001ee87d2f318: c5f8 77e8 

  0x000001ee87d2f31c: ; ImmutableOopMap {rbp=Oop }
                      ;*invokevirtual postDefineClass {reexecute=0 rethrow=0 return_oop=0}
                      ; - java.lang.ClassLoader::defineClass@37 (line 1018)
  0x000001ee87d2f31c: c0e9 2e00 | 488b c5c5 | f877 4881 | c4a0 0000 

  0x000001ee87d2f32c: ;   {poll_return}
  0x000001ee87d2f32c: 005d 493b | a748 0300 | 000f 87d1 | 2900 00c3 | bf02 0000 | 00d3 e741 | 03fa ffc5 | d3e5 412b 
  0x000001ee87d2f34c: ea3b ef44 | 8bc5 440f | 4cc7 4503 | c245 8bc8 | 41ff c941 | 81f9 f7ff | ff7f 0f83 | 7224 0000 
  0x000001ee87d2f36c: 4181 f8ff | ffff 7f0f | 8463 1d00 | 0041 d3f8 | 41d3 e041 | 81f8 0000 | 1000 0f87 | 9c1d 0000 
  0x000001ee87d2f38c: 4d63 c845 | 3bd0 418b | e841 0f4c | ea44 3bd5 | 0f82 8821 | 0000 443b | c50f 827f | 2100 0049 
  0x000001ee87d2f3ac: 83c1 1749 | 8bf9 4883 | e7f8 4181 | f800 0010 | 000f 8718 | 1400 0049 | 8bb7 0801 | 0000 4c8b 
  0x000001ee87d2f3cc: d64c 03d7 | 4d3b 9718 | 0100 000f | 83fe 1300 | 004d 8997 | 0801 0000 | 410f 1882 | 0001 0000 
  0x000001ee87d2f3ec: 48c7 0601 | 0000 0041 | 0f18 8240 

  0x000001ee87d2f3f8: ;   {metadata({type array byte})}
  0x000001ee87d2f3f8: 0100 00c7 | 4608 2867 | 0000 4489 | 460c 410f | 1882 8001 | 0000 4c8b | d649 83c2 | 1049 c1e9 
  0x000001ee87d2f418: 034c 8bee | 49c1 ed03 | 85ed 0f84 | 081d 0000 | 4b8d 0cdc | 4f8d 5cdc | 1041 3be8 | 0f8c 620c 
  0x000001ee87d2f438: 0000 4883 | c7f0 48c1 | ef03 498b | cb49 8bd2 | 4c8b c7c5 | f877 49ba | 6086 5687 | ee01 0000 
  0x000001ee87d2f458: 41ff d241 | 807f 3800 | 0f85 900d | 0000 4489 | 6b14 4c8b | d64c 8bdb | 4d33 d349 | c1ea 154d 
  0x000001ee87d2f478: 85d2 741a | 49c1 eb09 | 48b9 0000 | 348c ee01 | 0000 4903 | cb80 3904 | 0f85 6811 | 0000 4c8b 
  0x000001ee87d2f498: de49 c1eb | 03e9 f4f9 | ffff 8bcf | d3e5 ba02 | 0000 00d3 | e241 2be9 | 4103 d13b | ea44 8bdd 
  0x000001ee87d2f4b8: 440f 4cda | 4503 d945 | 8bc3 41ff | c841 81f8 | f7ff ff7f | 0f83 4223 | 0000 4181 | fbff ffff 
  0x000001ee87d2f4d8: 7f0f 84bd | 1c00 0041 | d3fb 41d3 | e341 81fb | 0000 1000 | 0f87 fe1c | 0000 4963 | cb45 3bcb 
  0x000001ee87d2f4f8: 418b eb41 | 0f4c e944 | 3bcd 0f82 | 7020 0000 | 443b dd0f | 8267 2000 | 0048 83c1 | 1748 8bd1 
  0x000001ee87d2f518: 4883 e2f8 | 4181 fb00 | 0010 000f | 872f 1300 | 004d 8b8f | 0801 0000 | 4d8b c14c | 03c2 4d3b 
  0x000001ee87d2f538: 8718 0100 | 000f 8315 | 1300 004d | 8987 0801 | 0000 410f | 1880 0001 | 0000 49c7 | 0101 0000 
  0x000001ee87d2f558: 0041 0f18 | 8040 0100 

  0x000001ee87d2f560: ;   {metadata({type array byte})}
  0x000001ee87d2f560: 0041 c741 | 0828 6700 | 0045 8959 | 0c41 0f18 | 8080 0100 | 0049 8bf9 | 4883 c710 | 48c1 e903 
  0x000001ee87d2f580: 498b f148 | c1ee 0385 | ed0f 8469 | 1c00 004f | 8d04 d44f | 8d54 d410 | 413b eb0f | 8c94 0b00 
  0x000001ee87d2f5a0: 004c 8bdf | 498b f948 | 83c2 f048 | c1ea 034c | 8bc2 498b | ca49 8bd3 | c5f8 7749 | ba60 8656 
  0x000001ee87d2f5c0: 87ee 0100 | 0041 ffd2 | 4c8b cf41 | 807f 3800 | 0f85 230d | 0000 8973 | 144d 8bd1 | 4c8b db4d 
  0x000001ee87d2f5e0: 33d3 49c1 | ea15 4d85 | d274 1a49 | c1eb 0948 | b900 0034 | 8cee 0100 | 0049 03cb | 8039 040f 
  0x000001ee87d2f600: 8549 1000 | 0045 8b5d | 1445 85db | 0f85 10f9 | ffff baf6 | ffff ff90 

  0x000001ee87d2f618: ;   {runtime_call UncommonTrapBlob}
  0x000001ee87d2f618: c5f8 77e8 

  0x000001ee87d2f61c: ; ImmutableOopMap {}
                      ;*arraylength {reexecute=0 rethrow=0 return_oop=0}
                      ; - java.lang.String::length@4 (line 1481)
                      ; - java.lang.AbstractStringBuilder::putStringAt@5 (line 1724)
                      ; - java.lang.AbstractStringBuilder::append@30 (line 583)
                      ; - java.lang.StringBuilder::append@2 (line 179)
                      ; - java.net.URLStreamHandler::toExternalForm@59 (line 483)
                      ; - java.net.URL::toExternalForm@5 (line 1039)
                      ; - java.net.URL::toString@1 (line 1025)
                      ; - java.lang.ClassLoader::defineClassSourceLocation@22 (line 917)
                      ; - java.lang.ClassLoader::defineClass@12 (line 1016)
  0x000001ee87d2f61c: e072 85ff | d3e5 ba02 | 0000 00d3 | e241 2be8 | 4103 d03b | ea44 8bcd | 440f 4cca | 4503 c841 
  0x000001ee87d2f63c: 8bc9 ffc9 | 81f9 f7ff | ff7f 0f83 | 2022 0000 | 4181 f9ff | ffff 7f0f | 8405 1c00 | 008b cf41 
  0x000001ee87d2f65c: d3f9 41d3 | e141 81f9 | 0000 1000 | 0f87 421c | 0000 4963 | c945 3bc1 | 458b d145 | 0f4c d045 
  0x000001ee87d2f67c: 3bc2 0f82 | 4c1f 0000 | 453b ca0f | 8243 1f00 | 0048 83c1 | 1748 8bc1 | 4883 e0f8 | 4181 f900 
  0x000001ee87d2f69c: 0010 000f | 876e 1200 | 0049 8b97 | 0801 0000 | 4c8b c24c | 03c0 4d3b | 8718 0100 | 000f 8354 
  0x000001ee87d2f6bc: 1200 004d | 8987 0801 | 0000 410f | 1880 0001 | 0000 48c7 | 0201 0000 | 0041 0f18 | 8040 0100 
  0x000001ee87d2f6dc: ;   {metadata({type array byte})}
  0x000001ee87d2f6dc: 00c7 4208 | 2867 0000 | 4489 4a0c | 410f 1880 | 8001 0000 | 488b fa48 | 83c7 1048 | c1e9 0348 
  0x000001ee87d2f6fc: 8bea 48c1 | ed03 4585 | d20f 84ad | 1b00 004f | 8d04 dc4f | 8d5c dc10 | 453b d10f | 8c10 0b00 
  0x000001ee87d2f71c: 004c 8bd7 | 488b fa48 | 83c0 f048 | c1e8 034c | 8bc0 498b | cb49 8bd2 | c5f8 7749 | ba60 8656 
  0x000001ee87d2f73c: 87ee 0100 | 0041 ffd2 | 488b d741 | 807f 3800 | 0f85 770c | 0000 896b | 144c 8bd2 | 4c8b db4d 
  0x000001ee87d2f75c: 33d3 49c1 | ea15 4d85 | d20f 8499 | f8ff ff49 | c1eb 0948 | b900 0034 | 8cee 0100 | 0049 03cb 
  0x000001ee87d2f77c: 8039 040f | 847f f8ff | ff4d 8b57 | 404d 8b5f | 50f0 8344 | 24c0 0080 | 3900 0f84 | 68f8 ffff 
  0x000001ee87d2f79c: 4488 214d | 85d2 7518 | 498b d7c5 | f877 49ba | f069 d9e3 | fe7f 0000 | 41ff d2e9 | 48f8 ffff 
  0x000001ee87d2f7bc: 4b89 4c13 | f849 83c2 | f84d 8957 | 40e9 36f8 | ffff 41ba | 0200 0000 | 41d3 e241 | d3e5 4503 
  0x000001ee87d2f7dc: d145 2be9 | 453b ea45 | 8bc5 450f | 4cc2 4503 | c145 8bd0 | 41ff ca41 | 81fa f7ff | ff7f 0f83 
  0x000001ee87d2f7fc: c420 0000 | 4181 f8ff | ffff 7f0f | 8411 1b00 | 0041 d3f8 | 41d3 e041 | 81f8 0000 | 1000 0f87 
  0x000001ee87d2f81c: 481b 0000 | 4d63 d045 | 3bc8 418b | e841 0f4c | e944 3bcd | 0f82 f21d | 0000 443b | c50f 82e9 
  0x000001ee87d2f83c: 1d00 0049 | 83c2 1749 | 8bfa 4883 | e7f8 4181 | f800 0010 | 000f 8787 | 1100 0049 | 8bb7 0801 
  0x000001ee87d2f85c: 0000 4c8b | ce4c 03cf | 4d3b 8f18 | 0100 000f | 836d 1100 | 004d 898f | 0801 0000 | 410f 1881 
  0x000001ee87d2f87c: 0001 0000 | 48c7 0601 | 0000 0041 | 0f18 8140 

  0x000001ee87d2f88c: ;   {metadata({type array byte})}
  0x000001ee87d2f88c: 0100 00c7 | 4608 2867 | 0000 4489 | 460c 410f | 1881 8001 | 0000 4c8b | ce49 83c1 | 1049 c1ea 
  0x000001ee87d2f8ac: 034c 8bee | 49c1 ed03 | 85ed 0f84 | b41a 0000 | 4b8d 0cdc | 4f8d 5cdc | 1041 3be8 | 0f8c 620a 
  0x000001ee87d2f8cc: 0000 4883 | c7f0 48c1 | ef03 498b | cb49 8bd1 | 4c8b c7c5 | f877 49ba | 6086 5687 | ee01 0000 
  0x000001ee87d2f8ec: 41ff d241 | 807f 3800 | 0f85 9f0b | 0000 4489 | 6b14 4c8b | d64c 8bdb | 4d33 d349 | c1ea 154d 
  0x000001ee87d2f90c: 85d2 0f84 | c1f7 ffff | 49c1 eb09 | 48b9 0000 | 348c ee01 | 0000 4903 | cb80 3904 | 0f84 a7f7 
  0x000001ee87d2f92c: ffff 4d8b | 5740 4d8b | 5f50 f083 | 4424 c000 | 8039 000f | 8490 f7ff | ff44 8821 | 4d85 d275 
  0x000001ee87d2f94c: 1849 8bd7 | c5f8 7749 | baf0 69d9 | e3fe 7f00 | 0041 ffd2 | e970 f7ff | ff4b 894c | 13f8 4983 
  0x000001ee87d2f96c: c2f8 4d89 | 5740 e95e | f7ff ffbf | 0200 0000 | d3e7 41d3 | e141 03fa | 452b ca44 | 3bcf 458b 
  0x000001ee87d2f98c: d944 0f4c | df45 03da | 418b d3ff | ca81 faf7 | ffff 7f0f | 8377 1f00 | 0041 81fb | ffff ff7f 
  0x000001ee87d2f9ac: 0f84 2a1a | 0000 41d3 | fb41 d3e3 | 4181 fb00 | 0010 000f | 8763 1a00 | 004d 63cb | 453b d341 
  0x000001ee87d2f9cc: 8beb 410f | 4cea 443b | d50f 829d | 1c00 0044 | 3bdd 0f82 | 941c 0000 | 4983 c117 | 498b f948 
  0x000001ee87d2f9ec: 83e7 f841 | 81fb 0000 | 1000 0f87 | 5210 0000 | 4d8b af08 | 0100 004d | 8bd5 4c03 | d74d 3b97 
  0x000001ee87d2fa0c: 1801 0000 | 0f83 3810 | 0000 4d89 | 9708 0100 | 0041 0f18 | 8200 0100 | 0049 c745 | 0001 0000 
  0x000001ee87d2fa2c: 0041 0f18 | 8240 0100 

  0x000001ee87d2fa34: ;   {metadata({type array byte})}
  0x000001ee87d2fa34: 0041 c745 | 0828 6700 | 0045 895d | 0c41 0f18 | 8280 0100 | 004d 8bd5 | 4983 c210 | 49c1 e903 
  0x000001ee87d2fa54: 498b f548 | c1ee 0385 | ed0f 84cd | 1900 004b | 8d0c c44b | 8d54 c410 | 413b eb0f | 8c8b 0900 
  0x000001ee87d2fa74: 0048 83c7 | f048 c1ef | 0348 8bca | 498b d24c | 8bc7 c5f8 | 7749 ba60 | 8656 87ee | 0100 0041 
  0x000001ee87d2fa94: ffd2 4180 | 7f38 000f | 852f 0a00 | 0089 7314 | 4d8b d54c | 8bdb 4d33 | d349 c1ea | 154d 85d2 
  0x000001ee87d2fab4: 741a 49c1 | eb09 48b9 | 0000 348c | ee01 0000 | 4903 cb80 | 3904 0f85 | c70b 0000 | 0fbe 4b10 
  0x000001ee87d2fad4: 448b 4b0c | e95e f6ff | ff45 8bd8 | 4183 c302 | 413b fb8b | cf41 0f4c | cb44 8bc9 | 4503 c845 
  0x000001ee87d2faf4: 8bd9 41ff | cb41 81fb | f7ff ff7f | 0f83 6a1e | 0000 4181 | f9ff ffff | 7f0f 8489 | 1900 0041 
  0x000001ee87d2fb14: 81f9 0000 | 1000 0f87 | 9c19 0000 | 4863 c94d | 63d8 4903 | cb45 3bc1 | 458b d945 | 0f4c d845 
  0x000001ee87d2fb34: 3bc3 0f82 | 8c1b 0000 | 453b cb0f | 8283 1b00 | 0048 83c1 | 174c 8bc1 | 4983 e0f8 | 4181 f900 
  0x000001ee87d2fb54: 0010 000f | 8740 0f00 | 0049 8b97 | 0801 0000 | 488b fa49 | 03f8 493b | bf18 0100 | 000f 8326 
  0x000001ee87d2fb74: 0f00 0049 | 89bf 0801 | 0000 0f18 | 8700 0100 | 0048 c702 | 0100 0000 | 0f18 8740 

  0x000001ee87d2fb90: ;   {metadata({type array byte})}
  0x000001ee87d2fb90: 0100 00c7 | 4208 2867 | 0000 4489 | 4a0c 0f18 | 8780 0100 | 0048 8bfa | 4883 c710 | 48c1 e903 
  0x000001ee87d2fbb0: 4c8b f249 | c1ee 0345 | 85db 0f84 | 0419 0000 | 4b8d 04d4 | 4f8d 54d4 | 1045 3bd9 | 0f8c 3509 
  0x000001ee87d2fbd0: 0000 4c8b | df48 8bfa | 4983 c0f0 | 49c1 e803 | 498b ca49 | 8bd3 c5f8 | 7749 ba60 | 8656 87ee 
  0x000001ee87d2fbf0: 0100 0041 | ffd2 488b | d741 807f | 3800 0f85 | c309 0000 | 4489 7314 | 4c8b d24c | 8bdb 4d33 
  0x000001ee87d2fc10: d349 c1ea | 154d 85d2 | 0f84 bdf1 | ffff 49c1 | eb09 48b9 | 0000 348c | ee01 0000 | 4903 cb80 
  0x000001ee87d2fc30: 3904 0f84 | a3f1 ffff | 4d8b 5750 | 4d8b 5f40 | f083 4424 | c000 8039 | 000f 848c | f1ff ff44 
  0x000001ee87d2fc50: 8821 4d85 | db75 1849 | 8bd7 c5f8 | 7749 baf0 | 69d9 e3fe | 7f00 0041 | ffd2 e96c | f1ff ff4b 
  0x000001ee87d2fc70: 894c 1af8 | 4983 c3f8 | 4d89 5f40 | e95a f1ff | ff66 41c7 | 4210 2f00 | 6641 c742 | 122f 00b9 
  0x000001ee87d2fc90: 0400 0000 | e9c3 0000 | 0047 8b5c | cc14 478b | 54dc 0c45 | 85d2 0f86 | 30f2 ffff | 470f be5c 
  0x000001ee87d2fcb0: cc10 478b | 54cc 1447 | 8b44 d40c | 418b cb41 | d3f8 4183 | c002 4585 | c00f 8c9a | 1d00 0041 
  0x000001ee87d2fcd0: d3e0 4181 | f800 0010 | 000f 8782 | 1d00 0049 | 63c8 4b8d | 2ccc 4181 | f800 0010 | 000f 8722 
  0x000001ee87d2fcf0: 1d00 004d | 8b97 0801 | 0000 4883 | c117 4883 | e1f8 498b | fa48 03f9 | 493b bf18 | 0100 000f 
  0x000001ee87d2fd10: 8300 1d00 | 0049 89bf | 0801 0000 | 0f18 8700 | 0100 0049 | c702 0100 | 0000 0f18 | 8740 0100 
  0x000001ee87d2fd30: ;   {metadata({type array byte})}
  0x000001ee87d2fd30: 0041 c742 | 0828 6700 | 0045 8942 | 0c0f 1887 | 8001 0000 | 4585 db0f | 8534 ffff | ff41 c642 
  0x000001ee87d2fd50: 102f 41c6 | 4211 2fb9 | 0200 0000 | 498d 7c0a | 1047 8b44 | cc14 438b | 54c4 0c4b | 8d0c c44f 
  0x000001ee87d2fd70: 8d44 c410 | 4380 7ccc | 1000 0f84 | 2201 0000 | 498b c84c | 8bcf 4c89 | 5424 4845 | 8bf3 4c8b 
  0x000001ee87d2fd90: ebd1 fa4c | 63c2 498b | d1c5 f877 | 49ba 4081 | 5687 ee01 | 0000 41ff | d249 8bdd | 458b de4c 
  0x000001ee87d2fdb0: 8b54 2448 | e996 0000 | 0049 8bf0 | 8bca 83e1 | 0f83 e2f0 | 741c 488d | 3416 488d | 3c57 48f7 
  0x000001ee87d2fdd0: dac4 e27d | 3004 16c5 | fe7f 0457 | 4883 c210 | 75ef 8bd1 | 83e1 0783 | e2f8 7427 | c4e2 7930 
  0x000001ee87d2fdf0: 06c5 fa7f | 0748 83c6 | 0848 83c7 | 10e9 1100 | 0000 c4e2 | 7930 0416 | c5fa 7f04 | 5748 83c2 
  0x000001ee87d2fe10: 0875 ef8b | d183 fa04 | 7c19 c5f9 | 6e06 c4e2 | 7930 c0c5 | f9d6 0748 | 83ea 0448 | 83c6 0448 
  0x000001ee87d2fe30: 83c7 0885 | d274 1848 | 8d34 1648 | 8d3c 5748 | f7da 0fb6 | 0c16 6689 | 0c57 48ff | c275 f34d 
  0x000001ee87d2fe50: 8baf 0801 | 0000 4d8b | c549 83c0 | 184d 3b87 | 1801 0000 | 0f83 5e1b | 0000 4d89 | 8708 0100 
  0x000001ee87d2fe70: 0041 0f18 | 8000 0100 | 0049 c745 | 0001 0000 

  0x000001ee87d2fe80: ;   {metadata('java/lang/String')}
  0x000001ee87d2fe80: 0041 c745 | 08e0 e900 | 0045 8965 | 0c4d 8965 | 1045 885d | 1049 c1ea | 0345 8955 | 14e9 44f0 
  0x000001ee87d2fea0: ffff 4585 | db0f 850e | ffff ff49 | 8bc8 4c8b | cf4c 8954 | 2448 458b | f34c 8beb | 4c63 c249 
  0x000001ee87d2fec0: 8bd1 c5f8 | 7749 ba60 | 7f56 87ee | 0100 0041 | ffd2 498b | dd45 8bde | 4c8b 5424 | 48e9 6dff 
  0x000001ee87d2fee0: ffff 48ff | 7424 4048 | 8f44 2448 | 4489 430c | 4889 5c24 | 5049 8bd3 | 48c1 e203 | 41b9 3a00 
  0x000001ee87d2ff00: 0000 458b | c266 6690 

  0x000001ee87d2ff08: ;   {static_call}
  0x000001ee87d2ff08: c5f8 77e8 

  0x000001ee87d2ff0c: ; ImmutableOopMap {[32]=Oop [40]=Oop [48]=Oop [72]=Oop [80]=Oop [128]=Oop [136]=NarrowOop }
                      ;*invokestatic putCharSB {reexecute=0 rethrow=0 return_oop=0}
                      ; - java.lang.AbstractStringBuilder::append@72 (line 809)
                      ; - java.lang.StringBuilder::append@2 (line 246)
                      ; - java.net.URLStreamHandler::toExternalForm@16 (line 480)
                      ; - java.net.URL::toExternalForm@5 (line 1039)
                      ; - java.net.URL::toString@1 (line 1025)
                      ; - java.lang.ClassLoader::defineClassSourceLocation@22 (line 917)
                      ; - java.lang.ClassLoader::defineClass@12 (line 1016)
  0x000001ee87d2ff0c: 701a 85ff | 48ff 7424 | 4848 8f44 | 2440 488b | 5c24 50e9 | a2ef ffff 

  0x000001ee87d2ff24: ;   {oop(""{0x000000070051ad80})}
  0x000001ee87d2ff24: 49bd 80ad | 5100 0700 | 0000 e9a6 | f3ff ff33 | ffe9 64ee | ffff 4d8b | 5750 4d8b | 5f40 f083 
  0x000001ee87d2ff44: 4424 c000 | 8039 0074 | 2a44 8821 | 4d85 db74 | 0f4b 894c | 1af8 4983 | c3f8 4d89 | 5f40 eb13 
  0x000001ee87d2ff64: 498b d7c5 | f877 49ba | f069 d9e3 | fe7f 0000 | 41ff d28b | 7b0c 448b | 5314 e91b | eeff ff4c 
  0x000001ee87d2ff84: 63c5 4d8b | d049 83c2 | 1049 8bca | 4883 e1f8 | 488b fb48 | 03f9 49c1 | ea03 4d2b | ca49 8bc9 
  0x000001ee87d2ffa4: 4833 c048 | 83f9 087f | 1048 ffc9 | 784f 4889 | 04cf 48ff | c97d f7eb | 44c5 fdef | c0e9 0d00 
  0x000001ee87d2ffc4: 0000 c5fe | 7f07 c5fe | 7f47 2048 | 83c7 4048 | 83e9 087d | ed48 83c1 | 047c 0cc5 | fe7f 0748 
  0x000001ee87d2ffe4: 83c7 2048 | 83e9 0448 | 83c1 047e | 1048 ffc9 | c5f9 d607 | 4883 c708 | 48ff c97d | f349 8bcb 
  0x000001ee87d30004: c5f8 7749 | ba60 7f56 | 87ee 0100 | 0041 ffd2 | e984 f2ff | ff4d 8b57 | 404d 8b5f | 50f0 8344 
  0x000001ee87d30024: 24c0 0041 | 8038 000f | 84a4 f2ff | ff45 8820 | 4d85 d275 | 1b49 8bc8 | 498b d7c5 | f877 49ba 
  0x000001ee87d30044: f069 d9e3 | fe7f 0000 | 41ff d2e9 | 81f2 ffff | 4f89 4413 | f849 83c2 | f84d 8957 | 40e9 6ff2 
  0x000001ee87d30064: ffff 4889 | 5c24 5048 | ff74 2440 | 488f 4424 | 4848 8bac | 2480 0000 | 0048 8bd3 

  0x000001ee87d30080: ;   {optimized virtual_call}
  0x000001ee87d30080: c5f8 77e8 

  0x000001ee87d30084: ; ImmutableOopMap {rbp=Oop [32]=Oop [40]=Oop [48]=Oop [72]=Oop [80]=Oop [128]=Oop [136]=NarrowOop }
                      ;*invokevirtual appendNull {reexecute=0 rethrow=0 return_oop=1}
                      ; - java.lang.AbstractStringBuilder::append@5 (line 579)
                      ; - java.lang.StringBuilder::append@2 (line 179)
                      ; - java.net.URLStreamHandler::toExternalForm@11 (line 480)
                      ; - java.net.URL::toExternalForm@5 (line 1039)
                      ; - java.net.URL::toString@1 (line 1025)
                      ; - java.lang.ClassLoader::defineClassSourceLocation@22 (line 917)
                      ; - java.lang.ClassLoader::defineClass@12 (line 1016)
  0x000001ee87d30084: f812 85ff | 48ff 7424 | 4848 8f44 | 2440 488b | 5c24 50e9 | d5ed ffff | 4c63 c549 | 8bc8 4883 
  0x000001ee87d300a4: c110 488b | d148 83e2 | f848 8bfe | 4803 fa48 | c1e9 034c | 2bc9 498b | c948 33c0 | 4883 f908 
  0x000001ee87d300c4: 7f10 48ff | c978 4f48 | 8904 cf48 | ffc9 7df7 | eb44 c5fd | efc0 e90d | 0000 00c5 | fe7f 07c5 
  0x000001ee87d300e4: fe7f 4720 | 4883 c740 | 4883 e908 | 7ded 4883 | c104 7c0c | c5fe 7f07 | 4883 c720 | 4883 e904 
  0x000001ee87d30104: 4883 c104 | 7e10 48ff | c9c5 f9d6 | 0748 83c7 | 0848 ffc9 | 7df3 498b | cb49 8bd2 | c5f8 7749 
  0x000001ee87d30124: ba60 7f56 | 87ee 0100 | 0041 ffd2 | e926 f3ff | ffc4 c1f9 | 6ec2 488b | d744 8974 | 2458 4c89 
  0x000001ee87d30144: 6c24 5048 | 895c 2448 | 4c63 c54d | 8bd0 4983 | c210 4d8b | da49 83e3 | f849 8bf9 | 4903 fb49 
  0x000001ee87d30164: 8be9 49c1 | ea03 492b | ca48 33c0 | 4883 f908 | 7f10 48ff | c978 4f48 | 8904 cf48 | ffc9 7df7 
  0x000001ee87d30184: eb44 c5f5 | efc9 e90d | 0000 00c5 | fe7f 0fc5 | fe7f 4f20 | 4883 c740 | 4883 e908 | 7ded 4883 
  0x000001ee87d301a4: c104 7c0c | c5fe 7f0f | 4883 c720 | 4883 e904 | 4883 c104 | 7e10 48ff | c9c5 f9d6 | 0f48 83c7 
  0x000001ee87d301c4: 0848 ffc9 | 7df3 c4e1 | f97e c1c5 | f877 49ba | 607f 5687 | ee01 0000 | 41ff d248 | 8b5c 2448 
  0x000001ee87d301e4: 4c8b 6c24 | 5044 8b74 | 2458 4c8b | cde9 d5f3 | ffff 448b | 5314 4585 | d20f 8463 | f2ff ff4d 
  0x000001ee87d30204: 8b5f 2049 | 8bca 48c1 | e103 4d85 | db0f 84d9 | 1400 004d | 8b57 304b | 894c 1af8 | 4983 c3f8 
  0x000001ee87d30224: 4d89 5f20 | e939 f2ff | ffc4 c1f9 | 6ecb c4e1 | f96e c748 | 8954 2450 | 4489 6c24 | 4c89 7424 
  0x000001ee87d30244: 484c 8bf3 | 4d63 c24d | 8bd0 4983 | c210 4d8b | ca49 83e1 | f848 8bfa | 4903 f949 | c1ea 034c 
  0x000001ee87d30264: 8bd9 4d2b | da49 8bcb | 4833 c048 | 83f9 087f | 1048 ffc9 | 784f 4889 | 04cf 48ff | c97d f7eb 
  0x000001ee87d30284: 44c5 edef | d2e9 0d00 | 0000 c5fe | 7f17 c5fe | 7f57 2048 | 83c7 4048 | 83e9 087d | ed48 83c1 
  0x000001ee87d302a4: 047c 0cc5 | fe7f 1748 | 83c7 2048 | 83e9 0448 | 83c1 047e | 1048 ffc9 | c5f9 d617 | 4883 c708 
  0x000001ee87d302c4: 48ff c97d | f3c4 e1f9 | 7ec9 c4e1 | f97e c2c5 | f877 49ba | 607f 5687 | ee01 0000 | 41ff d249 
  0x000001ee87d302e4: 8bde 8b74 | 2448 448b | 6c24 4c48 | 8b54 2450 | e94e f4ff | ff44 8b5b | 1445 85db | 0f84 d0f2 
  0x000001ee87d30304: ffff 4d8b | 5720 498b | cb48 c1e1 | 034d 85d2 | 0f84 ee13 | 0000 4d8b | 5f30 4b89 | 4c13 f849 
  0x000001ee87d30324: 83c2 f84d | 8957 20e9 | a6f2 ffff | 4c63 c549 | 8bc8 4883 | c110 488b | d148 83e2 | f848 8bfe 
  0x000001ee87d30344: 4803 fa48 | c1e9 034c | 2bd1 498b | ca48 33c0 | 4883 f908 | 7f10 48ff | c978 4f48 | 8904 cf48 
  0x000001ee87d30364: ffc9 7df7 | eb44 c5fd | efc0 e90d | 0000 00c5 | fe7f 07c5 | fe7f 4720 | 4883 c740 | 4883 e908 
  0x000001ee87d30384: 7ded 4883 | c104 7c0c | c5fe 7f07 | 4883 c720 | 4883 e904 | 4883 c104 | 7e10 48ff | c9c5 f9d6 
  0x000001ee87d303a4: 0748 83c7 | 0848 ffc9 | 7df3 498b | cb49 8bd1 | c5f8 7749 | ba60 7f56 | 87ee 0100 | 0041 ffd2 
  0x000001ee87d303c4: e926 f5ff | ff44 8b53 | 1445 85d2 | 0f84 7cf3 | ffff 4d8b | 5f20 498b | ca48 c1e1 | 034d 85db 
  0x000001ee87d303e4: 0f84 5613 | 0000 4d8b | 5730 4b89 | 4c1a f849 | 83c3 f84d | 895f 20e9 | 52f3 ffff | 4c63 c54d 
  0x000001ee87d30404: 8bd8 4983 | c310 498b | cb48 83e1 | f849 8bfd | 4803 f949 | c1eb 034d | 2bcb 498b | c948 33c0 
  0x000001ee87d30424: 4883 f908 | 7f10 48ff | c978 4f48 | 8904 cf48 | ffc9 7df7 | eb44 c5fd | efc0 e90d | 0000 00c5 
  0x000001ee87d30444: fe7f 07c5 | fe7f 4720 | 4883 c740 | 4883 e908 | 7ded 4883 | c104 7c0c | c5fe 7f07 | 4883 c720 
  0x000001ee87d30464: 4883 e904 | 4883 c104 | 7e10 48ff | c9c5 f9d6 | 0748 83c7 | 0848 ffc9 | 7df3 488b 

  0x000001ee87d30480: ;   {no_reloc}
  0x000001ee87d30480: ca49 8bd2 | c5f8 7749 | ba60 7f56 | 87ee 0100 | 0041 ffd2 | e9fd f5ff | ff44 8b53 | 1445 85d2 
  0x000001ee87d304a0: 0f84 54f4 | ffff 4d8b | 5f20 498b | ca48 c1e1 | 034d 85db | 0f84 be12 | 0000 4d8b | 5730 4b89 
  0x000001ee87d304c0: 4c1a f849 | 83c3 f84d | 895f 20e9 | 2af4 ffff | 448b 5b14 | 4585 db0f | 84c4 f5ff | ff4d 8b57 
  0x000001ee87d304e0: 2049 8bcb | 48c1 e103 | 4d85 d20f | 849f 1200 | 004d 8b5f | 304b 894c | 13f8 4983 | c2f8 4d89 
  0x000001ee87d30500: 5720 e99a | f5ff ffc4 | c1f9 6ec2 | 4c8b cf89 | 6c24 4c89 | 7424 484c | 8beb 4d63 | c34d 8bd0 
  0x000001ee87d30520: 4983 c210 | 4d8b da49 | 83e3 f848 | 8bfa 4903 | fb48 8954 | 2450 49c1 | ea03 492b | ca48 33c0 
  0x000001ee87d30540: 4883 f908 | 7f10 48ff | c978 4f48 | 8904 cf48 | ffc9 7df7 | eb44 c5f5 | efc9 e90d | 0000 00c5 
  0x000001ee87d30560: fe7f 0fc5 | fe7f 4f20 | 4883 c740 | 4883 e908 | 7ded 4883 | c104 7c0c | c5fe 7f0f | 4883 c720 
  0x000001ee87d30580: 4883 e904 | 4883 c104 | 7e10 48ff | c9c5 f9d6 | 0f48 83c7 | 0848 ffc9 | 7df3 c4e1 | f97e c149 
  0x000001ee87d305a0: 8bd1 c5f8 | 7749 ba60 | 7f56 87ee | 0100 0041 | ffd2 498b | dd8b 7424 | 488b 6c24 | 4c48 8b54 
  0x000001ee87d305c0: 2450 e932 | f6ff ff44 | 8b53 1445 | 85d2 0f84 | 30f6 ffff | 4d8b 5f20 | 498b ca48 | c1e1 034d 
  0x000001ee87d305e0: 85db 0f84 | c011 0000 | 4d8b 5730 | 4b89 4c1a | f849 83c3 | f84d 895f | 20e9 06f6 | ffff 4d8b 
  0x000001ee87d30600: 5750 4d8b | 5f40 f083 | 4424 c000 | 8039 0074 | 2a44 8821 | 4d85 db74 | 0f4b 894c | 1af8 4983 
  0x000001ee87d30620: c3f8 4d89 | 5f40 eb13 | 498b d7c5 | f877 49ba | f069 d9e3 | fe7f 0000 | 41ff d244 | 8b5b 144d 
  0x000001ee87d30640: 8bd3 49c1 | e203 498b | f2e9 48ee | ffff 4d8b | 5740 4d8b | 5f50 f083 | 4424 c000 | 8039 000f 
  0x000001ee87d30660: 84a0 efff | ff44 8821 | 4d85 d275 | 1849 8bd7 | c5f8 7749 | baf0 69d9 | e3fe 7f00 | 0041 ffd2 
  0x000001ee87d30680: e980 efff | ff4b 894c | 13f8 4983 | c2f8 4d89 | 5740 e96e | efff ff4d | 8b57 404d | 8b5f 50f0 
  0x000001ee87d306a0: 8344 24c0 | 0080 3900 | 0f84 22f4 | ffff 4488 | 214d 85d2 | 7518 498b | d7c5 f877 | 49ba f069 
  0x000001ee87d306c0: d9e3 fe7f | 0000 41ff | d2e9 02f4 | ffff 4b89 | 4c13 f849 | 83c2 f84d | 8957 40e9 | f0f3 ffff 
  0x000001ee87d306e0: 4889 5c24 | 5048 ff74 | 2440 488f | 4424 4848 | 8bac 2480 | 0000 0041 | b810 0000 

  0x000001ee87d306fc: ;   {metadata({type array byte})}
  0x000001ee87d306fc: 0048 ba28 | 6700 9cee | 0100 0090 

  0x000001ee87d30708: ;   {runtime_call _new_array_Java}
  0x000001ee87d30708: c5f8 77e8 

  0x000001ee87d3070c: ; ImmutableOopMap {rbp=Oop [32]=Oop [40]=Oop [48]=Oop [72]=Oop [80]=Oop [128]=Oop [136]=NarrowOop }
                      ;*newarray {reexecute=0 rethrow=0 return_oop=1}
                      ; - java.lang.AbstractStringBuilder::<init>@12 (line 88)
                      ; - java.lang.StringBuilder::<init>@3 (line 106)
                      ; - java.net.URLStreamHandler::toExternalForm@4 (line 480)
                      ; - java.net.URL::toExternalForm@5 (line 1039)
                      ; - java.net.URL::toString@1 (line 1025)
                      ; - java.lang.ClassLoader::defineClassSourceLocation@22 (line 917)
                      ; - java.lang.ClassLoader::defineClass@12 (line 1016)
  0x000001ee87d3070c: f0de 8fff | 48ff 7424 | 4848 8f44 | 2440 488b | 5c24 50e9 | 3de6 ffff | 48ff 7424 | 4048 8f44 
  0x000001ee87d3072c: 2448 488b 

  0x000001ee87d30730: ;   {metadata('java/lang/StringBuilder')}
  0x000001ee87d30730: e848 bae0 | f400 9cee | 0100 0090 

  0x000001ee87d3073c: ;   {runtime_call _new_instance_Java}
  0x000001ee87d3073c: c5f8 77e8 

  0x000001ee87d30740: ; ImmutableOopMap {rbp=Oop [32]=Oop [40]=Oop [48]=Oop [72]=Oop [128]=Oop [136]=NarrowOop }
                      ;*new {reexecute=0 rethrow=0 return_oop=1}
                      ; - java.net.URLStreamHandler::toExternalForm@0 (line 480)
                      ; - java.net.URL::toExternalForm@5 (line 1039)
                      ; - java.net.URL::toString@1 (line 1025)
                      ; - java.lang.ClassLoader::defineClassSourceLocation@22 (line 917)
                      ; - java.lang.ClassLoader::defineClass@12 (line 1016)
  0x000001ee87d30740: bcdb 8fff | 48ff 7424 | 4848 8f44 | 2440 488b | d8e9 b4e5 | ffff 4489 

  0x000001ee87d30758: ;   {metadata('java/lang/String')}
  0x000001ee87d30758: 5c24 4c48 | bae0 e900 | 9cee 0100 | 0048 8b6c | 2420 4489 | 5424 5090 

  0x000001ee87d30770: ;   {runtime_call _new_instance_Java}
  0x000001ee87d30770: c5f8 77e8 

  0x000001ee87d30774: ; ImmutableOopMap {rbp=Oop [32]=Oop [40]=Oop [48]=Oop [76]=NarrowOop [128]=Oop }
                      ;*new {reexecute=0 rethrow=0 return_oop=1}
                      ; - java.lang.StringLatin1::newString@7 (line 769)
                      ; - java.lang.StringBuilder::toString@16 (line 453)
                      ; - java.net.URLStreamHandler::toExternalForm@152 (line 486)
                      ; - java.net.URL::toExternalForm@5 (line 1039)
                      ; - java.net.URL::toString@1 (line 1025)
                      ; - java.lang.ClassLoader::defineClassSourceLocation@22 (line 917)
                      ; - java.lang.ClassLoader::defineClass@12 (line 1016)
  0x000001ee87d30774: 88db 8fff | 4c8b e844 | 8b5c 244c | 448b 5424 | 50e9 34ea | ffff 4489 | 5c24 4c4c | 8944 2460 
  0x000001ee87d30794: 4c89 4c24 | 584c 896c | 2450 4489 

  0x000001ee87d307a0: ;   {metadata({type array byte})}
  0x000001ee87d307a0: 5424 4848 | ba28 6700 | 9cee 0100 | 0045 8bc2 

  0x000001ee87d307b0: ;   {runtime_call _new_array_nozero_Java}
  0x000001ee87d307b0: c5f8 77e8 

  0x000001ee87d307b4: ; ImmutableOopMap {[32]=Oop [40]=Oop [48]=Oop [76]=NarrowOop [80]=Oop [128]=Oop }
                      ;*newarray {reexecute=0 rethrow=0 return_oop=1}
                      ; - java.util.Arrays::copyOfRange@41 (line 3822)
                      ; - java.lang.StringLatin1::newString@16 (line 769)
                      ; - java.lang.StringBuilder::toString@16 (line 453)
                      ; - java.net.URLStreamHandler::toExternalForm@152 (line 486)
                      ; - java.net.URL::toExternalForm@5 (line 1039)
                      ; - java.net.URL::toString@1 (line 1025)
                      ; - java.lang.ClassLoader::defineClassSourceLocation@22 (line 917)
                      ; - java.lang.ClassLoader::defineClass@12 (line 1016)
  0x000001ee87d307b4: 48cc 8fff | 8b7c 2448 | 4c8b 6c24 | 504c 8b4c | 2458 4c8b | 4424 6048 | 8bd8 448b | 5c24 4c44 
  0x000001ee87d307d4: 8bd7 e97b | eaff ff48 | 897c 2470 | 4c89 4c24 | 6844 8944 | 2460 4489 | 5c24 4c48 | 895c 2458 
  0x000001ee87d307f4: 48ff 7424 | 4048 8f44 | 2450 48ff | b424 8000 | 0000 488f 

  0x000001ee87d30808: ;   {metadata({type array byte})}
  0x000001ee87d30808: 4424 4048 | ba28 6700 | 9cee 0100 | 0066 6690 

  0x000001ee87d30818: ;   {runtime_call _new_array_nozero_Java}
  0x000001ee87d30818: c5f8 77e8 

  0x000001ee87d3081c: ; ImmutableOopMap {[32]=Oop [40]=Oop [48]=Oop [64]=Oop [76]=NarrowOop [80]=Oop [88]=Oop [136]=NarrowOop }
                      ;*newarray {reexecute=0 rethrow=0 return_oop=1}
                      ; - java.util.Arrays::copyOf@1 (line 3537)
                      ; - java.lang.AbstractStringBuilder::ensureCapacityInternal@32 (line 228)
                      ; - java.lang.AbstractStringBuilder::append@7 (line 802)
                      ; - java.lang.StringBuilder::append@2 (line 246)
                      ; - java.net.URLStreamHandler::toExternalForm@16 (line 480)
                      ; - java.net.URL::toExternalForm@5 (line 1039)
                      ; - java.net.URL::toString@1 (line 1025)
                      ; - java.lang.ClassLoader::defineClassSourceLocation@22 (line 917)
                      ; - java.lang.ClassLoader::defineClass@12 (line 1016)
  0x000001ee87d3081c: e0cb 8fff | 48ff 7424 | 4048 8f84 | 2480 0000 | 0048 ff74 | 2450 488f | 4424 4048 | 8b5c 2458 
  0x000001ee87d3083c: 448b 5c24 | 4c44 8b44 | 2460 4c8b | 4c24 6848 | 8b7c 2470 | 488b f0e9 | b6eb ffff | 4889 5424 
  0x000001ee87d3085c: 7848 894c | 2470 4489 | 5c24 6c44 | 8954 2468 | 4489 7424 | 4c4c 896c | 2460 4889 | 5c24 5848 
  0x000001ee87d3087c: ff74 2440 | 488f 4424 | 5048 8944 | 24f8 8b84 | 2488 0000 | 0089 4424 | 4848 8b44 | 24f8 48ff 
  0x000001ee87d3089c: b424 8000 | 0000 488f 

  0x000001ee87d308a4: ;   {metadata({type array byte})}
  0x000001ee87d308a4: 4424 4048 | ba28 6700 | 9cee 0100 | 0045 8bc3 

  0x000001ee87d308b4: ;   {runtime_call _new_array_nozero_Java}
  0x000001ee87d308b4: c5f8 77e8 

  0x000001ee87d308b8: ; ImmutableOopMap {[32]=Oop [40]=Oop [48]=Oop [64]=Oop [72]=NarrowOop [80]=Oop [88]=Oop [96]=Oop [104]=NarrowOop }
                      ;*newarray {reexecute=0 rethrow=0 return_oop=1}
                      ; - java.util.Arrays::copyOf@1 (line 3537)
                      ; - java.lang.AbstractStringBuilder::ensureCapacityInternal@32 (line 228)
                      ; - java.lang.AbstractStringBuilder::append@21 (line 582)
                      ; - java.lang.StringBuilder::append@2 (line 179)
                      ; - java.net.URLStreamHandler::toExternalForm@59 (line 483)
                      ; - java.net.URL::toExternalForm@5 (line 1039)
                      ; - java.net.URL::toString@1 (line 1025)
                      ; - java.lang.ClassLoader::defineClassSourceLocation@22 (line 917)
                      ; - java.lang.ClassLoader::defineClass@12 (line 1016)
  0x000001ee87d308b8: 44cb 8fff | 48ff 7424 | 4048 8f84 | 2480 0000 | 0048 8944 | 24f8 8b44 | 2448 8984 | 2488 0000 
  0x000001ee87d308d8: 0048 8b44 | 24f8 48ff | 7424 5048 | 8f44 2440 | 488b 5c24 | 584c 8b6c | 2460 448b | 7424 4c44 
  0x000001ee87d308f8: 8b54 2468 | 448b 5c24 | 6c48 8b4c | 2470 488b | 5424 784c | 8bc8 e962 | ecff ff48 | 8944 2478 
  0x000001ee87d30918: 4489 5424 | 6c48 894c | 2470 4489 | 4c24 6844 | 895c 2464 | 4489 6c24 | 6048 895c | 2458 48ff 
  0x000001ee87d30938: 7424 4048 | 8f44 2450 | 4889 4424 | f88b 8424 | 8800 0000 | 8944 2448 | 488b 4424 | f848 ffb4 
  0x000001ee87d30958: 2480 0000 | 0048 8f44 | 2440 498d | 2cf4 8974 

  0x000001ee87d30968: ;   {metadata({type array byte})}
  0x000001ee87d30968: 244c 48ba | 2867 009c | ee01 0000 | 458b c190 

  0x000001ee87d30978: ;   {runtime_call _new_array_nozero_Java}
  0x000001ee87d30978: c5f8 77e8 

  0x000001ee87d3097c: ; ImmutableOopMap {rbp=Oop [32]=Oop [40]=Oop [48]=Oop [64]=Oop [72]=NarrowOop [76]=NarrowOop [80]=Oop [88]=Oop [100]=NarrowOop }
                      ;*newarray {reexecute=0 rethrow=0 return_oop=1}
                      ; - java.util.Arrays::copyOf@1 (line 3537)
                      ; - java.lang.AbstractStringBuilder::ensureCapacityInternal@32 (line 228)
                      ; - java.lang.AbstractStringBuilder::append@21 (line 582)
                      ; - java.lang.StringBuilder::append@2 (line 179)
                      ; - java.net.URLStreamHandler::toExternalForm@77 (line 484)
                      ; - java.net.URL::toExternalForm@5 (line 1039)
                      ; - java.net.URL::toString@1 (line 1025)
                      ; - java.lang.ClassLoader::defineClassSourceLocation@22 (line 917)
                      ; - java.lang.ClassLoader::defineClass@12 (line 1016)
  0x000001ee87d3097c: 80ca 8fff | 4c8b c048 | ff74 2440 | 488f 8424 | 8000 0000 | 4889 4424 | f88b 4424 | 4889 8424 
  0x000001ee87d3099c: 8800 0000 | 488b 4424 | f848 ff74 | 2450 488f | 4424 4048 | 8b5c 2458 | 8b74 244c | 448b 6c24 
  0x000001ee87d309bc: 6044 8b5c | 2464 448b | 4c24 6848 | 8b4c 2470 | 448b 5424 | 6c48 8b44 | 2478 498b | d0e9 12ed 
  0x000001ee87d309dc: ffff 4889 | 7c24 684c | 8954 2460 | 4489 4424 | 5844 895c | 244c 4889 | 5c24 504c | 8b54 2440 
  0x000001ee87d309fc: 48ff b424 | 8000 0000 | 488f 4424 

  0x000001ee87d30a08: ;   {metadata({type array byte})}
  0x000001ee87d30a08: 4048 ba28 | 6700 9cee | 0100 004c | 8954 2470 

  0x000001ee87d30a18: ;   {runtime_call _new_array_nozero_Java}
  0x000001ee87d30a18: c5f8 77e8 

  0x000001ee87d30a1c: ; ImmutableOopMap {[32]=Oop [40]=Oop [48]=Oop [64]=Oop [76]=NarrowOop [80]=Oop [112]=Oop [136]=NarrowOop }
                      ;*newarray {reexecute=0 rethrow=0 return_oop=1}
                      ; - java.util.Arrays::copyOf@1 (line 3537)
                      ; - java.lang.AbstractStringBuilder::ensureCapacityInternal@32 (line 228)
                      ; - java.lang.AbstractStringBuilder::append@21 (line 582)
                      ; - java.lang.StringBuilder::append@2 (line 179)
                      ; - java.net.URLStreamHandler::toExternalForm@113 (line 485)
                      ; - java.net.URL::toExternalForm@5 (line 1039)
                      ; - java.net.URL::toString@1 (line 1025)
                      ; - java.lang.ClassLoader::defineClassSourceLocation@22 (line 917)
                      ; - java.lang.ClassLoader::defineClass@12 (line 1016)
  0x000001ee87d30a1c: e0c9 8fff | 48ff 7424 | 4048 8f84 | 2480 0000 | 0048 8b5c | 2450 448b | 5c24 4c44 | 8b44 2458 
  0x000001ee87d30a3c: 4c8b 5424 | 6048 8b7c | 2468 488b | f0e9 54ee | ffff 4889 | 7c24 604c | 894c 2458 | 4489 5c24 
  0x000001ee87d30a5c: 5444 8944 | 2450 4889 

  0x000001ee87d30a64: ;   {metadata({type array byte})}
  0x000001ee87d30a64: 5c24 4848 | ba28 6700 | 9cee 0100 | 0045 8bc3 

  0x000001ee87d30a74: ;   {runtime_call _new_array_nozero_Java}
  0x000001ee87d30a74: c5f8 77e8 

  0x000001ee87d30a78: ; ImmutableOopMap {[32]=Oop [40]=Oop [48]=Oop [72]=Oop [80]=NarrowOop [128]=Oop }
                      ;*newarray {reexecute=0 rethrow=0 return_oop=1}
                      ; - java.util.Arrays::copyOf@1 (line 3537)
                      ; - java.lang.AbstractStringBuilder::ensureCapacityInternal@32 (line 228)
                      ; - java.lang.AbstractStringBuilder::append@21 (line 582)
                      ; - java.lang.StringBuilder::append@2 (line 179)
                      ; - java.net.URLStreamHandler::toExternalForm@149 (line 486)
                      ; - java.net.URL::toExternalForm@5 (line 1039)
                      ; - java.net.URL::toString@1 (line 1025)
                      ; - java.lang.ClassLoader::defineClassSourceLocation@22 (line 917)
                      ; - java.lang.ClassLoader::defineClass@12 (line 1016)
  0x000001ee87d30a78: 84c9 8fff | 488b 5c24 | 4844 8b44 | 2450 448b | 5c24 544c | 8b4c 2458 | 488b 7c24 | 604c 8be8 
  0x000001ee87d30a98: e9ac efff | ff4c 8944 | 2478 4489 | 5c24 6c48 | 894c 2470 | 4489 4c24 | 6889 6c24 | 6444 8954 
  0x000001ee87d30ab8: 244c 4889 | 5c24 5848 | ff74 2440 | 488f 4424 | 5048 8944 | 24f8 8b84 | 2488 0000 | 0089 4424 
  0x000001ee87d30ad8: 4848 8b44 | 24f8 48ff | b424 8000 | 0000 488f | 4424 4049 | 8d2c f489 

  0x000001ee87d30af0: ;   {metadata({type array byte})}
  0x000001ee87d30af0: 7424 6048 | ba28 6700 | 9cee 0100 | 0045 8bc1 

  0x000001ee87d30b00: ;   {runtime_call _new_array_nozero_Java}
  0x000001ee87d30b00: c5f8 77e8 

  0x000001ee87d30b04: ; ImmutableOopMap {rbp=Oop [32]=Oop [40]=Oop [48]=Oop [64]=Oop [72]=NarrowOop [76]=NarrowOop [80]=Oop [88]=Oop [96]=NarrowOop }
                      ;*newarray {reexecute=0 rethrow=0 return_oop=1}
                      ; - java.util.Arrays::copyOf@1 (line 3537)
                      ; - java.lang.AbstractStringBuilder::ensureCapacityInternal@32 (line 228)
                      ; - java.lang.AbstractStringBuilder::append@21 (line 582)
                      ; - java.lang.StringBuilder::append@2 (line 179)
                      ; - java.net.URLStreamHandler::toExternalForm@11 (line 480)
                      ; - java.net.URL::toExternalForm@5 (line 1039)
                      ; - java.net.URL::toString@1 (line 1025)
                      ; - java.lang.ClassLoader::defineClassSourceLocation@22 (line 917)
                      ; - java.lang.ClassLoader::defineClass@12 (line 1016)
  0x000001ee87d30b04: f8c8 8fff | 48ff 7424 | 4048 8f84 | 2480 0000 | 0048 8944 | 24f8 8b44 | 2448 8984 | 2488 0000 
  0x000001ee87d30b24: 0048 8b44 | 24f8 48ff | 7424 5048 | 8f44 2440 | 488b 5c24 | 5844 8b54 | 244c 8b74 | 2460 8b6c 
  0x000001ee87d30b44: 2464 448b | 4c24 6848 | 8b4c 2470 | 448b 5c24 | 6c4c 8b44 | 2478 488b | d0e9 43f0 | ffff baf6 
  0x000001ee87d30b64: ffff ff41 | 8bea 6690 

  0x000001ee87d30b6c: ;   {runtime_call UncommonTrapBlob}
  0x000001ee87d30b6c: c5f8 77e8 

  0x000001ee87d30b70: ; ImmutableOopMap {rbp=NarrowOop }
                      ;*invokevirtual toExternalForm {reexecute=0 rethrow=0 return_oop=0}
                      ; - java.net.URL::toExternalForm@5 (line 1039)
                      ; - java.net.URL::toString@1 (line 1025)
                      ; - java.lang.ClassLoader::defineClassSourceLocation@22 (line 917)
                      ; - java.lang.ClassLoader::defineClass@12 (line 1016)
  0x000001ee87d30b70: 8c5d 85ff | 4d63 cae9 | 5be6 ffff | 4983 c1fe | 498b c948 | 8bfa 4833 | c048 83f9 | 087f 1048 
  0x000001ee87d30b90: ffc9 784f | 4889 04cf | 48ff c97d | f7eb 44c5 | fdef c0e9 | 0d00 0000 | c5fe 7f07 | c5fe 7f47 
  0x000001ee87d30bb0: 2048 83c7 | 4048 83e9 | 087d ed48 | 83c1 047c | 0cc5 fe7f | 0748 83c7 | 2048 83e9 | 0448 83c1 
  0x000001ee87d30bd0: 047e 1048 | ffc9 c5f9 | d607 4883 | c708 48ff | c97d f3e9 | b5e6 ffff | bae4 ffff | ff48 8b6c 
  0x000001ee87d30bf0: 2420 4c8b | 4424 284c | 8944 2420 | 4c8b 4424 | 304c 8944 | 2428 448b | 4424 3844 | 8944 2430 
  0x000001ee87d30c10: 448b 4c24 | 3c44 894c | 2434 4889 | 5c24 5044 | 895c 2444 | 4489 5424 | 5866 6690 

  0x000001ee87d30c2c: ;   {runtime_call UncommonTrapBlob}
  0x000001ee87d30c2c: c5f8 77e8 

  0x000001ee87d30c30: ; ImmutableOopMap {rbp=Oop [32]=Oop [40]=Oop [68]=NarrowOop [80]=Oop [128]=Oop [136]=NarrowOop }
                      ;*bastore {reexecute=0 rethrow=0 return_oop=0}
                      ; - java.lang.AbstractStringBuilder::append@41 (line 804)
                      ; - java.lang.StringBuilder::append@2 (line 246)
                      ; - java.net.URLStreamHandler::toExternalForm@16 (line 480)
                      ; - java.net.URL::toExternalForm@5 (line 1039)
                      ; - java.net.URL::toString@1 (line 1025)
                      ; - java.lang.ClassLoader::defineClassSourceLocation@22 (line 917)
                      ; - java.lang.ClassLoader::defineClass@12 (line 1016)
  0x000001ee87d30c30: cc5c 85ff | bacc ffff | ff48 8b6c | 2420 48ff | 7424 2848 | 8f44 2420 | 48ff 7424 | 3048 8f44 
  0x000001ee87d30c50: 2428 4889 | 4424 f88b | 4424 3889 | 4424 3048 | 8b44 24f8 | 4889 4424 | f88b 4424 | 3c89 4424 
  0x000001ee87d30c70: 3448 8b44 | 24f8 4889 | 5c24 5044 | 8974 2444 | 4489 5c24 | 5889 7c24 | 5c44 8954 | 2460 4489 
  0x000001ee87d30c90: 4424 6490 

  0x000001ee87d30c94: ;   {runtime_call UncommonTrapBlob}
  0x000001ee87d30c94: c5f8 77e8 

  0x000001ee87d30c98: ; ImmutableOopMap {rbp=Oop [32]=Oop [40]=Oop [80]=Oop [88]=NarrowOop [92]=NarrowOop [128]=Oop [136]=NarrowOop }
                      ;*invokestatic arraycopy {reexecute=0 rethrow=0 return_oop=0}
                      ; - java.lang.String::getBytes@27 (line 4479)
                      ; - java.lang.AbstractStringBuilder::putStringAt@30 (line 1720)
                      ; - java.lang.AbstractStringBuilder::putStringAt@8 (line 1724)
                      ; - java.lang.AbstractStringBuilder::append@30 (line 583)
                      ; - java.lang.StringBuilder::append@2 (line 179)
                      ; - java.net.URLStreamHandler::toExternalForm@59 (line 483)
                      ; - java.net.URL::toExternalForm@5 (line 1039)
                      ; - java.net.URL::toString@1 (line 1025)
                      ; - java.lang.ClassLoader::defineClassSourceLocation@22 (line 917)
                      ; - java.lang.ClassLoader::defineClass@12 (line 1016)
  0x000001ee87d30c98: 645c 85ff | bacc ffff | ff48 895c | 2458 4489 | 6c24 4c44 | 8954 2460 | 4489 4c24 | 6444 8944 
  0x000001ee87d30cb8: 2468 6690 

  0x000001ee87d30cbc: ;   {runtime_call UncommonTrapBlob}
  0x000001ee87d30cbc: c5f8 77e8 

  0x000001ee87d30cc0: ; ImmutableOopMap {rbp=NarrowOop [32]=Oop [40]=Oop [48]=Oop [88]=Oop [96]=NarrowOop [128]=Oop [136]=NarrowOop }
                      ;*invokestatic arraycopy {reexecute=0 rethrow=0 return_oop=0}
                      ; - java.lang.String::getBytes@27 (line 4479)
                      ; - java.lang.AbstractStringBuilder::putStringAt@30 (line 1720)
                      ; - java.lang.AbstractStringBuilder::putStringAt@8 (line 1724)
                      ; - java.lang.AbstractStringBuilder::append@30 (line 583)
                      ; - java.lang.StringBuilder::append@2 (line 179)
                      ; - java.net.URLStreamHandler::toExternalForm@77 (line 484)
                      ; - java.net.URL::toExternalForm@5 (line 1039)
                      ; - java.net.URL::toString@1 (line 1025)
                      ; - java.lang.ClassLoader::defineClassSourceLocation@22 (line 917)
                      ; - java.lang.ClassLoader::defineClass@12 (line 1016)
  0x000001ee87d30cc0: 3c5c 85ff | bacc ffff | ff48 895c | 2458 4489 | 4c24 4c90 

  0x000001ee87d30cd4: ;   {runtime_call UncommonTrapBlob}
  0x000001ee87d30cd4: c5f8 77e8 

  0x000001ee87d30cd8: ; ImmutableOopMap {rbp=NarrowOop [32]=Oop [40]=Oop [48]=Oop [88]=Oop [128]=Oop [136]=NarrowOop }
                      ;*invokestatic arraycopy {reexecute=0 rethrow=0 return_oop=0}
                      ; - java.lang.String::getBytes@27 (line 4479)
                      ; - java.lang.AbstractStringBuilder::putStringAt@30 (line 1720)
                      ; - java.lang.AbstractStringBuilder::putStringAt@8 (line 1724)
                      ; - java.lang.AbstractStringBuilder::append@30 (line 583)
                      ; - java.lang.StringBuilder::append@2 (line 179)
                      ; - java.net.URLStreamHandler::toExternalForm@113 (line 485)
                      ; - java.net.URL::toExternalForm@5 (line 1039)
                      ; - java.net.URL::toString@1 (line 1025)
                      ; - java.lang.ClassLoader::defineClassSourceLocation@22 (line 917)
                      ; - java.lang.ClassLoader::defineClass@12 (line 1016)
  0x000001ee87d30cd8: 245c 85ff | bacc ffff | ff48 895c | 2450 4489 | 4c24 5890 

  0x000001ee87d30cec: ;   {runtime_call UncommonTrapBlob}
  0x000001ee87d30cec: c5f8 77e8 

  0x000001ee87d30cf0: ; ImmutableOopMap {rbp=NarrowOop [32]=Oop [40]=Oop [48]=Oop [80]=Oop [128]=Oop }
                      ;*invokestatic arraycopy {reexecute=0 rethrow=0 return_oop=0}
                      ; - java.lang.String::getBytes@27 (line 4479)
                      ; - java.lang.AbstractStringBuilder::putStringAt@30 (line 1720)
                      ; - java.lang.AbstractStringBuilder::putStringAt@8 (line 1724)
                      ; - java.lang.AbstractStringBuilder::append@30 (line 583)
                      ; - java.lang.StringBuilder::append@2 (line 179)
                      ; - java.net.URLStreamHandler::toExternalForm@149 (line 486)
                      ; - java.net.URL::toExternalForm@5 (line 1039)
                      ; - java.net.URL::toString@1 (line 1025)
                      ; - java.lang.ClassLoader::defineClassSourceLocation@22 (line 917)
                      ; - java.lang.ClassLoader::defineClass@12 (line 1016)
  0x000001ee87d30cf0: 0c5c 85ff | bacc ffff | ff48 895c | 2458 4489 | 6c24 4c89 | 4424 6089 | 7c24 6444 | 895c 2468 
  0x000001ee87d30d10: ;   {runtime_call UncommonTrapBlob}
  0x000001ee87d30d10: c5f8 77e8 

  0x000001ee87d30d14: ; ImmutableOopMap {[32]=Oop [40]=Oop [48]=Oop [76]=NarrowOop [88]=Oop [96]=NarrowOop [128]=Oop [136]=NarrowOop }
                      ;*invokestatic arraycopy {reexecute=0 rethrow=0 return_oop=0}
                      ; - java.lang.String::getBytes@27 (line 4479)
                      ; - java.lang.AbstractStringBuilder::putStringAt@30 (line 1720)
                      ; - java.lang.AbstractStringBuilder::putStringAt@8 (line 1724)
                      ; - java.lang.AbstractStringBuilder::append@30 (line 583)
                      ; - java.lang.StringBuilder::append@2 (line 179)
                      ; - java.net.URLStreamHandler::toExternalForm@11 (line 480)
                      ; - java.net.URL::toExternalForm@5 (line 1039)
                      ; - java.net.URL::toString@1 (line 1025)
                      ; - java.lang.ClassLoader::defineClassSourceLocation@22 (line 917)
                      ; - java.lang.ClassLoader::defineClass@12 (line 1016)
  0x000001ee87d30d14: e85b 85ff | bacc ffff | ff48 8b6c | 2420 4c8b | 4424 284c | 8944 2420 | 4c8b 4424 | 304c 8944 
  0x000001ee87d30d34: 2428 448b | 4c24 3844 | 894c 2430 | 448b 4424 | 3c44 8944 | 2434 4c89 | 6c24 4844 | 8954 2454 
  0x000001ee87d30d54: 4489 5c24 | 5866 6690 

  0x000001ee87d30d5c: ;   {runtime_call UncommonTrapBlob}
  0x000001ee87d30d5c: c5f8 77e8 

  0x000001ee87d30d60: ; ImmutableOopMap {rbp=Oop [32]=Oop [40]=Oop [72]=Oop [88]=NarrowOop [128]=Oop }
                      ;*newarray {reexecute=1 rethrow=0 return_oop=0}
                      ; - (reexecute) java.util.Arrays::copyOfRange@41 (line 3822)
                      ; - java.lang.StringLatin1::newString@16 (line 769)
                      ; - java.lang.StringBuilder::toString@16 (line 453)
                      ; - java.net.URLStreamHandler::toExternalForm@152 (line 486)
                      ; - java.net.URL::toExternalForm@5 (line 1039)
                      ; - java.net.URL::toString@1 (line 1025)
                      ; - java.lang.ClassLoader::defineClassSourceLocation@22 (line 917)
                      ; - java.lang.ClassLoader::defineClass@12 (line 1016)
  0x000001ee87d30d60: 9c5b 85ff | ba45 ffff | ff48 8b6c | 2420 48ff | 7424 2848 | 8f44 2420 | 48ff 7424 | 3048 8f44 
  0x000001ee87d30d80: 2428 4889 | 4424 f88b | 4424 3889 | 4424 3048 | 8b44 24f8 | 4889 4424 | f88b 4424 | 3c89 4424 
  0x000001ee87d30da0: 3448 8b44 | 24f8 4889 | 5c24 5044 | 8974 2444 | 4c89 6c24 | 5889 7c24 | 6044 8954 | 2464 4489 
  0x000001ee87d30dc0: 4424 6c89 | 4c24 7044 | 894c 2474 

  0x000001ee87d30dcc: ;   {runtime_call UncommonTrapBlob}
  0x000001ee87d30dcc: c5f8 77e8 

  0x000001ee87d30dd0: ; ImmutableOopMap {rbp=Oop [32]=Oop [40]=Oop [80]=Oop [88]=Oop [96]=NarrowOop [128]=Oop [136]=NarrowOop }
                      ;*if_icmpne {reexecute=1 rethrow=0 return_oop=0}
                      ; - (reexecute) java.lang.String::getBytes@6 (line 4478)
                      ; - java.lang.AbstractStringBuilder::putStringAt@30 (line 1720)
                      ; - java.lang.AbstractStringBuilder::putStringAt@8 (line 1724)
                      ; - java.lang.AbstractStringBuilder::append@30 (line 583)
                      ; - java.lang.StringBuilder::append@2 (line 179)
                      ; - java.net.URLStreamHandler::toExternalForm@59 (line 483)
                      ; - java.net.URL::toExternalForm@5 (line 1039)
                      ; - java.net.URL::toString@1 (line 1025)
                      ; - java.lang.ClassLoader::defineClassSourceLocation@22 (line 917)
                      ; - java.lang.ClassLoader::defineClass@12 (line 1016)
  0x000001ee87d30dd0: 2c5b 85ff | ba45 ffff | ff48 8b6c | 2420 4c8b | 5c24 284c | 895c 2420 | 4c8b 5c24 | 304c 895c 
  0x000001ee87d30df0: 2428 448b | 5c24 3844 | 895c 2430 | 8b44 243c | 8944 2434 | 4889 5c24 | 5044 896c | 2444 8974 
  0x000001ee87d30e10: 2458 4489 | 5424 5c44 | 894c 2460 | 4489 4424 | 6889 4c24 | 6c89 7c24 | 7066 6690 

  0x000001ee87d30e2c: ;   {runtime_call UncommonTrapBlob}
  0x000001ee87d30e2c: c5f8 77e8 

  0x000001ee87d30e30: ; ImmutableOopMap {rbp=Oop [32]=Oop [40]=Oop [80]=Oop [88]=NarrowOop [92]=NarrowOop [128]=Oop [136]=NarrowOop }
                      ;*if_icmpne {reexecute=1 rethrow=0 return_oop=0}
                      ; - (reexecute) java.lang.String::getBytes@6 (line 4478)
                      ; - java.lang.AbstractStringBuilder::putStringAt@30 (line 1720)
                      ; - java.lang.AbstractStringBuilder::putStringAt@8 (line 1724)
                      ; - java.lang.AbstractStringBuilder::append@30 (line 583)
                      ; - java.lang.StringBuilder::append@2 (line 179)
                      ; - java.net.URLStreamHandler::toExternalForm@77 (line 484)
                      ; - java.net.URL::toExternalForm@5 (line 1039)
                      ; - java.net.URL::toString@1 (line 1025)
                      ; - java.lang.ClassLoader::defineClassSourceLocation@22 (line 917)
                      ; - java.lang.ClassLoader::defineClass@12 (line 1016)
  0x000001ee87d30e30: cc5a 85ff | 4585 d240 | 0f95 c540 | 0fb6 ed83 | f501 ba45 | ffff ff48 | 895c 2448 

  0x000001ee87d30e4c: ;   {runtime_call UncommonTrapBlob}
  0x000001ee87d30e4c: c5f8 77e8 

  0x000001ee87d30e50: ; ImmutableOopMap {[32]=Oop [40]=Oop [48]=Oop [72]=Oop [128]=Oop }
                      ;*ifeq {reexecute=1 rethrow=0 return_oop=0}
                      ; - (reexecute) java.lang.StringBuilder::toString@4 (line 453)
                      ; - java.net.URLStreamHandler::toExternalForm@152 (line 486)
                      ; - java.net.URL::toExternalForm@5 (line 1039)
                      ; - java.net.URL::toString@1 (line 1025)
                      ; - java.lang.ClassLoader::defineClassSourceLocation@22 (line 917)
                      ; - java.lang.ClassLoader::defineClass@12 (line 1016)
  0x000001ee87d30e50: ac5a 85ff | ba45 ffff | ff48 895c | 2458 8974 | 244c 8944 | 2460 897c | 2464 4489 | 5c24 6c89 
  0x000001ee87d30e70: 4c24 7044 | 8944 2474 

  0x000001ee87d30e78: ;   {runtime_call UncommonTrapBlob}
  0x000001ee87d30e78: c5f8 77e8 

  0x000001ee87d30e7c: ; ImmutableOopMap {[32]=Oop [40]=Oop [48]=Oop [76]=NarrowOop [88]=Oop [96]=NarrowOop [128]=Oop [136]=NarrowOop }
                      ;*if_icmpne {reexecute=1 rethrow=0 return_oop=0}
                      ; - (reexecute) java.lang.String::getBytes@6 (line 4478)
                      ; - java.lang.AbstractStringBuilder::putStringAt@30 (line 1720)
                      ; - java.lang.AbstractStringBuilder::putStringAt@8 (line 1724)
                      ; - java.lang.AbstractStringBuilder::append@30 (line 583)
                      ; - java.lang.StringBuilder::append@2 (line 179)
                      ; - java.net.URLStreamHandler::toExternalForm@11 (line 480)
                      ; - java.net.URL::toExternalForm@5 (line 1039)
                      ; - java.net.URL::toString@1 (line 1025)
                      ; - java.lang.ClassLoader::defineClassSourceLocation@22 (line 917)
                      ; - java.lang.ClassLoader::defineClass@12 (line 1016)
  0x000001ee87d30e7c: 805a 85ff | ba45 ffff | ff48 8b6c | 2420 4c8b | 5424 284c | 8954 2420 | 4c8b 5424 | 304c 8954 
  0x000001ee87d30e9c: 2428 448b | 5424 3844 | 8954 2430 | 448b 4424 | 3c44 8944 | 2434 4489 | 5c24 4090 

  0x000001ee87d30eb8: ;   {runtime_call UncommonTrapBlob}
  0x000001ee87d30eb8: c5f8 77e8 

  0x000001ee87d30ebc: ; ImmutableOopMap {rbp=Oop [32]=Oop [40]=Oop [64]=NarrowOop [128]=Oop [136]=NarrowOop }
                      ;*ifnull {reexecute=1 rethrow=0 return_oop=0}
                      ; - (reexecute) java.lang.ClassLoader::defineClassSourceLocation@15 (line 916)
                      ; - java.lang.ClassLoader::defineClass@12 (line 1016)
  0x000001ee87d30ebc: 405a 85ff | ba45 ffff | ff48 8b6c | 2420 48ff | 7424 2848 | 8f44 2420 | 48ff 7424 | 3048 8f44 
  0x000001ee87d30edc: 2428 4889 | 4424 f88b | 4424 3889 | 4424 3048 | 8b44 24f8 | 4889 4424 | f88b 4424 | 3c89 4424 
  0x000001ee87d30efc: 3448 8b44 | 24f8 4889 | 5c24 5044 | 8974 2444 | 4889 5c24 | 5844 8954 | 2460 4c89 | 6c24 6844 
  0x000001ee87d30f1c: 8944 2464 | 4489 4c24 | 7089 4c24 | 7466 6690 

  0x000001ee87d30f2c: ;   {runtime_call UncommonTrapBlob}
  0x000001ee87d30f2c: c5f8 77e8 

  0x000001ee87d30f30: ; ImmutableOopMap {rbp=Oop [32]=Oop [40]=Oop [80]=Oop [88]=Oop [104]=Oop [128]=Oop [136]=NarrowOop }
                      ;*if_icmpeq {reexecute=1 rethrow=0 return_oop=0}
                      ; - (reexecute) java.lang.AbstractStringBuilder::putStringAt@8 (line 1717)
                      ; - java.lang.AbstractStringBuilder::putStringAt@8 (line 1724)
                      ; - java.lang.AbstractStringBuilder::append@30 (line 583)
                      ; - java.lang.StringBuilder::append@2 (line 179)
                      ; - java.net.URLStreamHandler::toExternalForm@59 (line 483)
                      ; - java.net.URL::toExternalForm@5 (line 1039)
                      ; - java.net.URL::toString@1 (line 1025)
                      ; - java.lang.ClassLoader::defineClassSourceLocation@22 (line 917)
                      ; - java.lang.ClassLoader::defineClass@12 (line 1016)
  0x000001ee87d30f30: cc59 85ff | ba45 ffff | ff48 8b6c | 2420 4c8b | 5424 284c | 8954 2420 | 4c8b 5424 | 304c 8954 
  0x000001ee87d30f50: 2428 448b | 5c24 3844 | 895c 2430 | 448b 5424 | 3c44 8954 | 2434 4889 | 5c24 5044 | 896c 2444 
  0x000001ee87d30f70: 4889 5c24 | 5844 894c | 2460 8974 | 2464 4489 | 4424 6889 | 7c24 6c89 | 4c24 7090 

  0x000001ee87d30f8c: ;   {runtime_call UncommonTrapBlob}
  0x000001ee87d30f8c: c5f8 77e8 

  0x000001ee87d30f90: ; ImmutableOopMap {rbp=Oop [32]=Oop [40]=Oop [80]=Oop [88]=Oop [100]=NarrowOop [128]=Oop [136]=NarrowOop }
                      ;*if_icmpeq {reexecute=1 rethrow=0 return_oop=0}
                      ; - (reexecute) java.lang.AbstractStringBuilder::putStringAt@8 (line 1717)
                      ; - java.lang.AbstractStringBuilder::putStringAt@8 (line 1724)
                      ; - java.lang.AbstractStringBuilder::append@30 (line 583)
                      ; - java.lang.StringBuilder::append@2 (line 179)
                      ; - java.net.URLStreamHandler::toExternalForm@77 (line 484)
                      ; - java.net.URL::toExternalForm@5 (line 1039)
                      ; - java.net.URL::toString@1 (line 1025)
                      ; - java.lang.ClassLoader::defineClassSourceLocation@22 (line 917)
                      ; - java.lang.ClassLoader::defineClass@12 (line 1016)
  0x000001ee87d30f90: 6c59 85ff | ba45 ffff | ff48 895c | 2450 6690 

  0x000001ee87d30fa0: ;   {runtime_call UncommonTrapBlob}
  0x000001ee87d30fa0: c5f8 77e8 

  0x000001ee87d30fa4: ; ImmutableOopMap {rbp=NarrowOop [32]=Oop [40]=Oop [48]=Oop [80]=Oop [128]=Oop [136]=NarrowOop }
                      ;*ifnull {reexecute=1 rethrow=0 return_oop=0}
                      ; - (reexecute) java.net.URLStreamHandler::toExternalForm@86 (line 485)
                      ; - java.net.URL::toExternalForm@5 (line 1039)
                      ; - java.net.URL::toString@1 (line 1025)
                      ; - java.lang.ClassLoader::defineClassSourceLocation@22 (line 917)
                      ; - java.lang.ClassLoader::defineClass@12 (line 1016)
  0x000001ee87d30fa4: 5859 85ff | ba45 ffff | ff48 8b6c | 2420 4c8b | 5424 284c | 8954 2420 | 4c8b 5424 | 304c 8954 
  0x000001ee87d30fc4: 2428 448b | 4424 3844 | 8944 2430 | 448b 4424 | 3c44 8944 | 2434 4889 | 5c24 5048 | 895c 2458 
  0x000001ee87d30fe4: 4489 4c24 | 4444 895c | 2460 6690 

  0x000001ee87d30ff0: ;   {runtime_call UncommonTrapBlob}
  0x000001ee87d30ff0: c5f8 77e8 

  0x000001ee87d30ff4: ; ImmutableOopMap {rbp=Oop [32]=Oop [40]=Oop [80]=Oop [88]=Oop [128]=Oop [136]=NarrowOop }
                      ;*if_icmpeq {reexecute=1 rethrow=0 return_oop=0}
                      ; - (reexecute) java.lang.AbstractStringBuilder::putStringAt@8 (line 1717)
                      ; - java.lang.AbstractStringBuilder::putStringAt@8 (line 1724)
                      ; - java.lang.AbstractStringBuilder::append@30 (line 583)
                      ; - java.lang.StringBuilder::append@2 (line 179)
                      ; - java.net.URLStreamHandler::toExternalForm@113 (line 485)
                      ; - java.net.URL::toExternalForm@5 (line 1039)
                      ; - java.net.URL::toString@1 (line 1025)
                      ; - java.lang.ClassLoader::defineClassSourceLocation@22 (line 917)
                      ; - java.lang.ClassLoader::defineClass@12 (line 1016)
  0x000001ee87d30ff4: 0859 85ff | ba45 ffff | ff48 895c | 2448 6690 

  0x000001ee87d31004: ;   {runtime_call UncommonTrapBlob}
  0x000001ee87d31004: c5f8 77e8 

  0x000001ee87d31008: ; ImmutableOopMap {rbp=NarrowOop [32]=Oop [40]=Oop [48]=Oop [72]=Oop [128]=Oop }
                      ;*ifnull {reexecute=1 rethrow=0 return_oop=0}
                      ; - (reexecute) java.net.URLStreamHandler::toExternalForm@122 (line 486)
                      ; - java.net.URL::toExternalForm@5 (line 1039)
                      ; - java.net.URL::toString@1 (line 1025)
                      ; - java.lang.ClassLoader::defineClassSourceLocation@22 (line 917)
                      ; - java.lang.ClassLoader::defineClass@12 (line 1016)
  0x000001ee87d31008: f458 85ff | ba45 ffff | ff48 8b6c | 2420 4c8b | 5424 284c | 8954 2420 | 4c8b 5424 | 304c 8954 
  0x000001ee87d31028: 2428 448b | 5c24 3844 | 895c 2430 | 448b 5424 | 3c44 8954 | 2434 4889 | 5c24 4848 | 895c 2450 
  0x000001ee87d31048: 4489 4c24 | 5889 4c24 | 5c66 6690 

  0x000001ee87d31054: ;   {runtime_call UncommonTrapBlob}
  0x000001ee87d31054: c5f8 77e8 

  0x000001ee87d31058: ; ImmutableOopMap {rbp=Oop [32]=Oop [40]=Oop [72]=Oop [80]=Oop [128]=Oop }
                      ;*if_icmpeq {reexecute=1 rethrow=0 return_oop=0}
                      ; - (reexecute) java.lang.AbstractStringBuilder::putStringAt@8 (line 1717)
                      ; - java.lang.AbstractStringBuilder::putStringAt@8 (line 1724)
                      ; - java.lang.AbstractStringBuilder::append@30 (line 583)
                      ; - java.lang.StringBuilder::append@2 (line 179)
                      ; - java.net.URLStreamHandler::toExternalForm@149 (line 486)
                      ; - java.net.URL::toExternalForm@5 (line 1039)
                      ; - java.net.URL::toString@1 (line 1025)
                      ; - java.lang.ClassLoader::defineClassSourceLocation@22 (line 917)
                      ; - java.lang.ClassLoader::defineClass@12 (line 1016)
  0x000001ee87d31058: a458 85ff | ba45 ffff | ff48 895c | 2458 4889 | 5c24 6089 | 7c24 4c89 | 7424 6844 | 895c 246c 
  0x000001ee87d31078: 4489 4424 | 7089 4c24 | 7466 6690 

  0x000001ee87d31084: ;   {runtime_call UncommonTrapBlob}
  0x000001ee87d31084: c5f8 77e8 

  0x000001ee87d31088: ; ImmutableOopMap {[32]=Oop [40]=Oop [48]=Oop [88]=Oop [96]=Oop [104]=NarrowOop [128]=Oop [136]=NarrowOop }
                      ;*if_icmpeq {reexecute=1 rethrow=0 return_oop=0}
                      ; - (reexecute) java.lang.AbstractStringBuilder::putStringAt@8 (line 1717)
                      ; - java.lang.AbstractStringBuilder::putStringAt@8 (line 1724)
                      ; - java.lang.AbstractStringBuilder::append@30 (line 583)
                      ; - java.lang.StringBuilder::append@2 (line 179)
                      ; - java.net.URLStreamHandler::toExternalForm@11 (line 480)
                      ; - java.net.URL::toExternalForm@5 (line 1039)
                      ; - java.net.URL::toString@1 (line 1025)
                      ; - java.lang.ClassLoader::defineClassSourceLocation@22 (line 917)
                      ; - java.lang.ClassLoader::defineClass@12 (line 1016)
  0x000001ee87d31088: 7458 85ff | ba45 ffff | ff48 8b6c | 2420 4c8b | 4424 284c | 8944 2420 | 4c8b 4424 | 304c 8944 
  0x000001ee87d310a8: 2428 448b | 4c24 3844 | 894c 2430 | 448b 4424 | 3c44 8944 | 2434 4c89 | 6c24 4844 | 8954 2454 
  0x000001ee87d310c8: 4489 5424 | 5844 895c | 245c 6690 

  0x000001ee87d310d4: ;   {runtime_call UncommonTrapBlob}
  0x000001ee87d310d4: c5f8 77e8 

  0x000001ee87d310d8: ; ImmutableOopMap {rbp=Oop [32]=Oop [40]=Oop [72]=Oop [92]=NarrowOop [128]=Oop }
                      ;*ifge {reexecute=1 rethrow=0 return_oop=0}
                      ; - (reexecute) java.util.Arrays::copyOfRange@5 (line 3820)
                      ; - java.lang.StringLatin1::newString@16 (line 769)
                      ; - java.lang.StringBuilder::toString@16 (line 453)
                      ; - java.net.URLStreamHandler::toExternalForm@152 (line 486)
                      ; - java.net.URL::toExternalForm@5 (line 1039)
                      ; - java.net.URL::toString@1 (line 1025)
                      ; - java.lang.ClassLoader::defineClassSourceLocation@22 (line 917)
                      ; - java.lang.ClassLoader::defineClass@12 (line 1016)
  0x000001ee87d310d8: 2458 85ff | ba75 0000 | 0048 8b6c | 2420 4c8b | 5424 284c | 8954 2420 | 4c8b 5424 | 304c 8954 
  0x000001ee87d310f8: 2428 448b | 5424 3844 | 8954 2430 | 448b 4424 | 3c44 8944 | 2434 4889 | 5c24 5048 | 895c 2458 
  0x000001ee87d31118: 4489 5c24 | 4466 6690 

  0x000001ee87d31120: ;   {runtime_call UncommonTrapBlob}
  0x000001ee87d31120: c5f8 77e8 

  0x000001ee87d31124: ; ImmutableOopMap {rbp=Oop [32]=Oop [40]=Oop [68]=NarrowOop [80]=Oop [88]=Oop [128]=Oop [136]=NarrowOop }
                      ;*new {reexecute=0 rethrow=0 return_oop=0}
                      ; - java.lang.AbstractStringBuilder::newCapacity@41 (line 259)
                      ; - java.lang.AbstractStringBuilder::ensureCapacityInternal@24 (line 229)
                      ; - java.lang.AbstractStringBuilder::append@7 (line 802)
                      ; - java.lang.StringBuilder::append@2 (line 246)
                      ; - java.net.URLStreamHandler::toExternalForm@16 (line 480)
                      ; - java.net.URL::toExternalForm@5 (line 1039)
                      ; - java.net.URL::toString@1 (line 1025)
                      ; - java.lang.ClassLoader::defineClassSourceLocation@22 (line 917)
                      ; - java.lang.ClassLoader::defineClass@12 (line 1016)
  0x000001ee87d31124: d857 85ff | 4d63 c8e9 | 5fe2 ffff | 4983 c1fe | 498b c949 | 8bfa 4833 | c048 83f9 | 087f 1048 
  0x000001ee87d31144: ffc9 784f | 4889 04cf | 48ff c97d | f7eb 44c5 | fdef c0e9 | 0d00 0000 | c5fe 7f07 | c5fe 7f47 
  0x000001ee87d31164: 2048 83c7 | 4048 83e9 | 087d ed48 | 83c1 047c | 0cc5 fe7f | 0748 83c7 | 2048 83e9 | 0448 83c1 
  0x000001ee87d31184: 047e 1048 | ffc9 c5f9 | d607 4883 | c708 48ff | c97d f3e9 | bfe2 ffff | ba75 0000 | 0048 8b6c 
  0x000001ee87d311a4: 2420 4c8b | 5c24 284c | 895c 2420 | 4c8b 5c24 | 304c 895c | 2428 448b | 4424 3844 | 8944 2430 
  0x000001ee87d311c4: 448b 5c24 | 3c44 895c | 2434 4889 | 5c24 504c | 896c 2458 | 4489 7424 | 4448 895c | 2460 4489 
  0x000001ee87d311e4: 5424 7090 

  0x000001ee87d311e8: ;   {runtime_call UncommonTrapBlob}
  0x000001ee87d311e8: c5f8 77e8 

  0x000001ee87d311ec: ; ImmutableOopMap {rbp=Oop [32]=Oop [40]=Oop [80]=Oop [88]=Oop [96]=Oop [112]=NarrowOop [128]=Oop [136]=NarrowOop }
                      ;*new {reexecute=0 rethrow=0 return_oop=0}
                      ; - java.lang.AbstractStringBuilder::newCapacity@41 (line 259)
                      ; - java.lang.AbstractStringBuilder::ensureCapacityInternal@24 (line 229)
                      ; - java.lang.AbstractStringBuilder::append@21 (line 582)
                      ; - java.lang.StringBuilder::append@2 (line 179)
                      ; - java.net.URLStreamHandler::toExternalForm@59 (line 483)
                      ; - java.net.URL::toExternalForm@5 (line 1039)
                      ; - java.net.URL::toString@1 (line 1025)
                      ; - java.lang.ClassLoader::defineClassSourceLocation@22 (line 917)
                      ; - java.lang.ClassLoader::defineClass@12 (line 1016)
  0x000001ee87d311ec: 1057 85ff | 4963 cbe9 | fde2 ffff | 4883 c1fe | 4833 c048 | 83f9 087f | 1048 ffc9 | 784f 4889 
  0x000001ee87d3120c: 04cf 48ff | c97d f7eb | 44c5 fdef | c0e9 0d00 | 0000 c5fe | 7f07 c5fe | 7f47 2048 | 83c7 4048 
  0x000001ee87d3122c: 83e9 087d | ed48 83c1 | 047c 0cc5 | fe7f 0748 | 83c7 2048 | 83e9 0448 | 83c1 047e | 1048 ffc9 
  0x000001ee87d3124c: c5f9 d607 | 4883 c708 | 48ff c97d | f3e9 6de3 | ffff ba75 | 0000 0048 | 8b6c 2420 | 4c8b 5424 
  0x000001ee87d3126c: 284c 8954 | 2420 4c8b | 5424 304c | 8954 2428 | 448b 4424 | 3844 8944 | 2430 448b | 5424 3c44 
  0x000001ee87d3128c: 8954 2434 | 4889 5c24 | 5089 7424 | 4444 896c | 2458 4889 | 5c24 6044 | 895c 245c 

  0x000001ee87d312a8: ;   {runtime_call UncommonTrapBlob}
  0x000001ee87d312a8: c5f8 77e8 

  0x000001ee87d312ac: ; ImmutableOopMap {rbp=Oop [32]=Oop [40]=Oop [68]=NarrowOop [80]=Oop [92]=NarrowOop [96]=Oop [128]=Oop [136]=NarrowOop }
                      ;*new {reexecute=0 rethrow=0 return_oop=0}
                      ; - java.lang.AbstractStringBuilder::newCapacity@41 (line 259)
                      ; - java.lang.AbstractStringBuilder::ensureCapacityInternal@24 (line 229)
                      ; - java.lang.AbstractStringBuilder::append@21 (line 582)
                      ; - java.lang.StringBuilder::append@2 (line 179)
                      ; - java.net.URLStreamHandler::toExternalForm@77 (line 484)
                      ; - java.net.URL::toExternalForm@5 (line 1039)
                      ; - java.net.URL::toString@1 (line 1025)
                      ; - java.lang.ClassLoader::defineClassSourceLocation@22 (line 917)
                      ; - java.lang.ClassLoader::defineClass@12 (line 1016)
  0x000001ee87d312ac: 5056 85ff | 4963 c9e9 | b9e3 ffff | 4883 c1fe | 4833 c048 | 83f9 087f | 1048 ffc9 | 784f 4889 
  0x000001ee87d312cc: 04cf 48ff | c97d f7eb | 44c5 fdef | c0e9 0d00 | 0000 c5fe | 7f07 c5fe | 7f47 2048 | 83c7 4048 
  0x000001ee87d312ec: 83e9 087d | ed48 83c1 | 047c 0cc5 | fe7f 0748 | 83c7 2048 | 83e9 0448 | 83c1 047e | 1048 ffc9 
  0x000001ee87d3130c: c5f9 d607 | 4883 c708 | 48ff c97d | f3e9 29e4 | ffff ba75 | 0000 0048 | 8b6c 2420 | 4c8b 5424 
  0x000001ee87d3132c: 284c 8954 | 2420 4c8b | 5424 304c | 8954 2428 | 448b 4424 | 3844 8944 | 2430 448b | 5424 3c44 
  0x000001ee87d3134c: 8954 2434 | 4889 5c24 | 5048 895c | 2458 4489 | 5c24 4490 

  0x000001ee87d31360: ;   {runtime_call UncommonTrapBlob}
  0x000001ee87d31360: c5f8 77e8 

  0x000001ee87d31364: ; ImmutableOopMap {rbp=Oop [32]=Oop [40]=Oop [68]=NarrowOop [80]=Oop [88]=Oop [128]=Oop [136]=NarrowOop }
                      ;*new {reexecute=0 rethrow=0 return_oop=0}
                      ; - java.lang.AbstractStringBuilder::newCapacity@41 (line 259)
                      ; - java.lang.AbstractStringBuilder::ensureCapacityInternal@24 (line 229)
                      ; - java.lang.AbstractStringBuilder::append@21 (line 582)
                      ; - java.lang.StringBuilder::append@2 (line 179)
                      ; - java.net.URLStreamHandler::toExternalForm@113 (line 485)
                      ; - java.net.URL::toExternalForm@5 (line 1039)
                      ; - java.net.URL::toString@1 (line 1025)
                      ; - java.lang.ClassLoader::defineClassSourceLocation@22 (line 917)
                      ; - java.lang.ClassLoader::defineClass@12 (line 1016)
  0x000001ee87d31364: 9855 85ff | 4d63 d0e9 | b3e4 ffff | 4983 c2fe | 498b ca49 | 8bf9 4833 | c048 83f9 | 087f 1048 
  0x000001ee87d31384: ffc9 784f | 4889 04cf | 48ff c97d | f7eb 44c5 | fdef c0e9 | 0d00 0000 | c5fe 7f07 | c5fe 7f47 
  0x000001ee87d313a4: 2048 83c7 | 4048 83e9 | 087d ed48 | 83c1 047c | 0cc5 fe7f | 0748 83c7 | 2048 83e9 | 0448 83c1 
  0x000001ee87d313c4: 047e 1048 | ffc9 c5f9 | d607 4883 | c708 48ff | c97d f3e9 | 13e5 ffff | ba75 0000 | 0048 8b6c 
  0x000001ee87d313e4: 2420 4c8b | 5424 284c | 8954 2420 | 4c8b 5424 | 304c 8954 | 2428 448b | 5c24 3844 | 895c 2430 
  0x000001ee87d31404: 448b 5424 | 3c44 8954 | 2434 4889 | 5c24 4848 | 895c 2450 | 4489 4424 | 6066 6690 

  0x000001ee87d31420: ;   {runtime_call UncommonTrapBlob}
  0x000001ee87d31420: c5f8 77e8 

  0x000001ee87d31424: ; ImmutableOopMap {rbp=Oop [32]=Oop [40]=Oop [72]=Oop [80]=Oop [96]=NarrowOop [128]=Oop }
                      ;*new {reexecute=0 rethrow=0 return_oop=0}
                      ; - java.lang.AbstractStringBuilder::newCapacity@41 (line 259)
                      ; - java.lang.AbstractStringBuilder::ensureCapacityInternal@24 (line 229)
                      ; - java.lang.AbstractStringBuilder::append@21 (line 582)
                      ; - java.lang.StringBuilder::append@2 (line 179)
                      ; - java.net.URLStreamHandler::toExternalForm@149 (line 486)
                      ; - java.net.URL::toExternalForm@5 (line 1039)
                      ; - java.net.URL::toString@1 (line 1025)
                      ; - java.lang.ClassLoader::defineClassSourceLocation@22 (line 917)
                      ; - java.lang.ClassLoader::defineClass@12 (line 1016)
  0x000001ee87d31424: d854 85ff | 4d63 cbe9 | 98e5 ffff | 4983 c1fe | 498b c949 | 8bfa 4833 | c048 83f9 | 087f 1048 
  0x000001ee87d31444: ffc9 784f | 4889 04cf | 48ff c97d | f7eb 44c5 | fdef c0e9 | 0d00 0000 | c5fe 7f07 | c5fe 7f47 
  0x000001ee87d31464: 2048 83c7 | 4048 83e9 | 087d ed48 | 83c1 047c | 0cc5 fe7f | 0748 83c7 | 2048 83e9 | 0448 83c1 
  0x000001ee87d31484: 047e 1048 | ffc9 c5f9 | d607 4883 | c708 48ff | c97d f3e9 | fae5 ffff | ba75 0000 | 0048 895c 
  0x000001ee87d314a4: 2458 8974 | 244c 4889 | 5c24 6044 | 8954 2470 

  0x000001ee87d314b4: ;   {runtime_call UncommonTrapBlob}
  0x000001ee87d314b4: c5f8 77e8 

  0x000001ee87d314b8: ; ImmutableOopMap {[32]=Oop [40]=Oop [48]=Oop [76]=NarrowOop [88]=Oop [96]=Oop [112]=NarrowOop [128]=Oop [136]=NarrowOop }
                      ;*new {reexecute=0 rethrow=0 return_oop=0}
                      ; - java.lang.AbstractStringBuilder::newCapacity@41 (line 259)
                      ; - java.lang.AbstractStringBuilder::ensureCapacityInternal@24 (line 229)
                      ; - java.lang.AbstractStringBuilder::append@21 (line 582)
                      ; - java.lang.StringBuilder::append@2 (line 179)
                      ; - java.net.URLStreamHandler::toExternalForm@11 (line 480)
                      ; - java.net.URL::toExternalForm@5 (line 1039)
                      ; - java.net.URL::toString@1 (line 1025)
                      ; - java.lang.ClassLoader::defineClassSourceLocation@22 (line 917)
                      ; - java.lang.ClassLoader::defineClass@12 (line 1016)
  0x000001ee87d314b8: 4454 85ff | 4963 c9e9 | 65e6 ffff | 4883 c1fe | 4833 c048 | 83f9 087f | 1048 ffc9 | 784f 4889 
  0x000001ee87d314d8: 04cf 48ff | c97d f7eb | 44c5 fdef | c0e9 0d00 | 0000 c5fe | 7f07 c5fe | 7f47 2048 | 83c7 4048 
  0x000001ee87d314f8: 83e9 087d | ed48 83c1 | 047c 0cc5 | fe7f 0748 | 83c7 2048 | 83e9 0448 | 83c1 047e | 1048 ffc9 
  0x000001ee87d31518: c5f9 d607 | 4883 c708 | 48ff c97d | f3e9 cfe6 | ffff bacc | ffff ff48 | 8b6c 2420 | 4c8b 5424 
  0x000001ee87d31538: 284c 8954 | 2420 4c8b | 5424 304c | 8954 2428 | 448b 4c24 | 3844 894c | 2430 448b | 5424 3c44 
  0x000001ee87d31558: 8954 2434 | 4889 5c24 | 5048 895c | 2458 4489 | 5c24 4444 | 8944 2464 

  0x000001ee87d31570: ;   {runtime_call UncommonTrapBlob}
  0x000001ee87d31570: c5f8 77e8 

  0x000001ee87d31574: ; ImmutableOopMap {rbp=Oop [32]=Oop [40]=Oop [68]=NarrowOop [80]=Oop [88]=Oop [128]=Oop [136]=NarrowOop }
                      ;*newarray {reexecute=1 rethrow=0 return_oop=0}
                      ; - (reexecute) java.util.Arrays::copyOf@1 (line 3537)
                      ; - java.lang.AbstractStringBuilder::ensureCapacityInternal@32 (line 228)
                      ; - java.lang.AbstractStringBuilder::append@7 (line 802)
                      ; - java.lang.StringBuilder::append@2 (line 246)
                      ; - java.net.URLStreamHandler::toExternalForm@16 (line 480)
                      ; - java.net.URL::toExternalForm@5 (line 1039)
                      ; - java.net.URL::toString@1 (line 1025)
                      ; - java.lang.ClassLoader::defineClassSourceLocation@22 (line 917)
                      ; - java.lang.ClassLoader::defineClass@12 (line 1016)
  0x000001ee87d31574: 8853 85ff | bacc ffff | ff48 8b6c | 2420 4c8b | 4424 284c | 8944 2420 | 4c8b 4424 | 304c 8944 
  0x000001ee87d31594: 2428 448b | 4424 3844 | 8944 2430 | 448b 4c24 | 3c44 894c | 2434 4889 | 5c24 504c | 896c 2458 
  0x000001ee87d315b4: 4489 7424 | 4448 895c | 2460 4489 | 5424 6844 | 895c 2470 

  0x000001ee87d315c8: ;   {runtime_call UncommonTrapBlob}
  0x000001ee87d315c8: c5f8 77e8 

  0x000001ee87d315cc: ; ImmutableOopMap {rbp=Oop [32]=Oop [40]=Oop [80]=Oop [88]=Oop [96]=Oop [104]=NarrowOop [128]=Oop [136]=NarrowOop }
                      ;*newarray {reexecute=1 rethrow=0 return_oop=0}
                      ; - (reexecute) java.util.Arrays::copyOf@1 (line 3537)
                      ; - java.lang.AbstractStringBuilder::ensureCapacityInternal@32 (line 228)
                      ; - java.lang.AbstractStringBuilder::append@21 (line 582)
                      ; - java.lang.StringBuilder::append@2 (line 179)
                      ; - java.net.URLStreamHandler::toExternalForm@59 (line 483)
                      ; - java.net.URL::toExternalForm@5 (line 1039)
                      ; - java.net.URL::toString@1 (line 1025)
                      ; - java.lang.ClassLoader::defineClassSourceLocation@22 (line 917)
                      ; - java.lang.ClassLoader::defineClass@12 (line 1016)
  0x000001ee87d315cc: 3053 85ff | bacc ffff | ff48 8b6c | 2420 4c8b | 5424 284c | 8954 2420 | 4c8b 5424 | 304c 8954 
  0x000001ee87d315ec: 2428 448b | 4424 3844 | 8944 2430 | 448b 5424 | 3c44 8954 | 2434 4889 | 5c24 5089 | 7424 4444 
  0x000001ee87d3160c: 896c 2458 | 4889 5c24 | 6044 895c | 245c 4489 | 4c24 6c90 

  0x000001ee87d31620: ;   {runtime_call UncommonTrapBlob}
  0x000001ee87d31620: c5f8 77e8 

  0x000001ee87d31624: ; ImmutableOopMap {rbp=Oop [32]=Oop [40]=Oop [68]=NarrowOop [80]=Oop [92]=NarrowOop [96]=Oop [128]=Oop [136]=NarrowOop }
                      ;*newarray {reexecute=1 rethrow=0 return_oop=0}
                      ; - (reexecute) java.util.Arrays::copyOf@1 (line 3537)
                      ; - java.lang.AbstractStringBuilder::ensureCapacityInternal@32 (line 228)
                      ; - java.lang.AbstractStringBuilder::append@21 (line 582)
                      ; - java.lang.StringBuilder::append@2 (line 179)
                      ; - java.net.URLStreamHandler::toExternalForm@77 (line 484)
                      ; - java.net.URL::toExternalForm@5 (line 1039)
                      ; - java.net.URL::toString@1 (line 1025)
                      ; - java.lang.ClassLoader::defineClassSourceLocation@22 (line 917)
                      ; - java.lang.ClassLoader::defineClass@12 (line 1016)
  0x000001ee87d31624: d852 85ff | bacc ffff | ff48 8b6c | 2420 4c8b | 5424 284c | 8954 2420 | 4c8b 5424 | 304c 8954 
  0x000001ee87d31644: 2428 448b | 5424 3844 | 8954 2430 | 448b 5424 | 3c44 8954 | 2434 4889 | 5c24 5048 | 895c 2458 
  0x000001ee87d31664: 4489 5c24 | 4444 8944 | 2464 6690 

  0x000001ee87d31670: ;   {runtime_call UncommonTrapBlob}
  0x000001ee87d31670: c5f8 77e8 

  0x000001ee87d31674: ; ImmutableOopMap {rbp=Oop [32]=Oop [40]=Oop [68]=NarrowOop [80]=Oop [88]=Oop [128]=Oop [136]=NarrowOop }
                      ;*newarray {reexecute=1 rethrow=0 return_oop=0}
                      ; - (reexecute) java.util.Arrays::copyOf@1 (line 3537)
                      ; - java.lang.AbstractStringBuilder::ensureCapacityInternal@32 (line 228)
                      ; - java.lang.AbstractStringBuilder::append@21 (line 582)
                      ; - java.lang.StringBuilder::append@2 (line 179)
                      ; - java.net.URLStreamHandler::toExternalForm@113 (line 485)
                      ; - java.net.URL::toExternalForm@5 (line 1039)
                      ; - java.net.URL::toString@1 (line 1025)
                      ; - java.lang.ClassLoader::defineClassSourceLocation@22 (line 917)
                      ; - java.lang.ClassLoader::defineClass@12 (line 1016)
  0x000001ee87d31674: 8852 85ff | bacc ffff | ff48 8b6c | 2420 4c8b | 5424 284c | 8954 2420 | 4c8b 5424 | 304c 8954 
  0x000001ee87d31694: 2428 448b | 4c24 3844 | 894c 2430 | 448b 5424 | 3c44 8954 | 2434 4889 | 5c24 4848 | 895c 2450 
  0x000001ee87d316b4: 4489 4424 | 5844 895c | 2460 6690 

  0x000001ee87d316c0: ;   {runtime_call UncommonTrapBlob}
  0x000001ee87d316c0: c5f8 77e8 

  0x000001ee87d316c4: ; ImmutableOopMap {rbp=Oop [32]=Oop [40]=Oop [72]=Oop [80]=Oop [88]=NarrowOop [128]=Oop }
                      ;*newarray {reexecute=1 rethrow=0 return_oop=0}
                      ; - (reexecute) java.util.Arrays::copyOf@1 (line 3537)
                      ; - java.lang.AbstractStringBuilder::ensureCapacityInternal@32 (line 228)
                      ; - java.lang.AbstractStringBuilder::append@21 (line 582)
                      ; - java.lang.StringBuilder::append@2 (line 179)
                      ; - java.net.URLStreamHandler::toExternalForm@149 (line 486)
                      ; - java.net.URL::toExternalForm@5 (line 1039)
                      ; - java.net.URL::toString@1 (line 1025)
                      ; - java.lang.ClassLoader::defineClassSourceLocation@22 (line 917)
                      ; - java.lang.ClassLoader::defineClass@12 (line 1016)
  0x000001ee87d316c4: 3852 85ff | bacc ffff | ff48 895c | 2458 8974 | 244c 4889 | 5c24 6044 | 8954 2468 | 4489 4c24 
  0x000001ee87d316e4: 7066 6690 

  0x000001ee87d316e8: ;   {runtime_call UncommonTrapBlob}
  0x000001ee87d316e8: c5f8 77e8 

  0x000001ee87d316ec: ; ImmutableOopMap {[32]=Oop [40]=Oop [48]=Oop [76]=NarrowOop [88]=Oop [96]=Oop [104]=NarrowOop [128]=Oop [136]=NarrowOop }
                      ;*newarray {reexecute=1 rethrow=0 return_oop=0}
                      ; - (reexecute) java.util.Arrays::copyOf@1 (line 3537)
                      ; - java.lang.AbstractStringBuilder::ensureCapacityInternal@32 (line 228)
                      ; - java.lang.AbstractStringBuilder::append@21 (line 582)
                      ; - java.lang.StringBuilder::append@2 (line 179)
                      ; - java.net.URLStreamHandler::toExternalForm@11 (line 480)
                      ; - java.net.URL::toExternalForm@5 (line 1039)
                      ; - java.net.URL::toString@1 (line 1025)
                      ; - java.lang.ClassLoader::defineClassSourceLocation@22 (line 917)
                      ; - java.lang.ClassLoader::defineClass@12 (line 1016)
  0x000001ee87d316ec: 1052 85ff | 498b d7c5 | f877 49ba | 106a d9e3 | fe7f 0000 | 41ff d2e9 | 5edd ffff | 4c89 4c24 
  0x000001ee87d3170c: 5044 8974 | 2448 4d8b | f54c 8beb | 498b d7c5 | f877 49ba | 106a d9e3 | fe7f 0000 | 41ff d249 
  0x000001ee87d3172c: 8bdd 4d8b | ee44 8b74 | 2448 4c8b | 4c24 50e9 | 96de ffff | 4889 5424 | 5044 896c | 2448 448b 
  0x000001ee87d3174c: f64c 8beb | 498b d7c5 | f877 49ba | 106a d9e3 | fe7f 0000 | 41ff d249 | 8bdd 418b | f644 8b6c 
  0x000001ee87d3176c: 2448 488b | 5424 50e9 | dadf ffff | 498b d7c5 | f877 49ba | 106a d9e3 | fe7f 0000 | 41ff d2e9 
  0x000001ee87d3178c: 6ae1 ffff | 498b d7c5 | f877 49ba | 106a d9e3 | fe7f 0000 | 41ff d2e9 | f9e2 ffff | 4889 5424 
  0x000001ee87d317ac: 5089 6c24 | 4844 8bee | 488b eb49 | 8bd7 c5f8 | 7749 ba10 | 6ad9 e3fe | 7f00 0041 | ffd2 488b 
  0x000001ee87d317cc: dd41 8bf5 | 8b6c 2448 | 488b 5424 | 50e9 26e4 | ffff ba3d | ffff ff48 | ffb4 2480 | 0000 0048 
  0x000001ee87d317ec: 8f44 2440 | 4889 5c24 | 5848 895c | 2460 4489 | 5c24 4c44 | 8954 2478 | 4489 8424 | 8000 0000 
  0x000001ee87d3180c: ;   {runtime_call UncommonTrapBlob}
  0x000001ee87d3180c: c5f8 77e8 

  0x000001ee87d31810: ; ImmutableOopMap {[32]=Oop [40]=Oop [48]=Oop [64]=Oop [76]=NarrowOop [88]=Oop [96]=Oop [136]=NarrowOop }
                      ;*if_icmpge {reexecute=1 rethrow=0 return_oop=0}
                      ; - (reexecute) jdk.internal.util.ArraysSupport::newLength@10 (line 638)
                      ; - java.lang.AbstractStringBuilder::newCapacity@29 (line 257)
                      ; - java.lang.AbstractStringBuilder::ensureCapacityInternal@24 (line 229)
                      ; - java.lang.AbstractStringBuilder::append@7 (line 802)
                      ; - java.lang.StringBuilder::append@2 (line 246)
                      ; - java.net.URLStreamHandler::toExternalForm@16 (line 480)
                      ; - java.net.URL::toExternalForm@5 (line 1039)
                      ; - java.net.URL::toString@1 (line 1025)
                      ; - java.lang.ClassLoader::defineClassSourceLocation@22 (line 917)
                      ; - java.lang.ClassLoader::defineClass@12 (line 1016)
  0x000001ee87d31810: ec50 85ff | ba3d ffff | ff48 ffb4 | 2480 0000 | 0048 8f44 | 2440 4889 | 4424 f88b | 8424 8800 
  0x000001ee87d31830: 0000 8944 | 2448 488b | 4424 f848 | 895c 2458 | 4c89 6c24 | 6044 8974 | 244c 4889 | 5c24 6844 
  0x000001ee87d31850: 8954 2478 | 4489 4c24 | 7c44 899c | 248c 0000 | 0066 6690 

  0x000001ee87d31864: ;   {runtime_call UncommonTrapBlob}
  0x000001ee87d31864: c5f8 77e8 

  0x000001ee87d31868: ; ImmutableOopMap {[32]=Oop [40]=Oop [48]=Oop [64]=Oop [72]=NarrowOop [88]=Oop [96]=Oop [104]=Oop [120]=NarrowOop }
                      ;*if_icmpge {reexecute=1 rethrow=0 return_oop=0}
                      ; - (reexecute) jdk.internal.util.ArraysSupport::newLength@10 (line 638)
                      ; - java.lang.AbstractStringBuilder::newCapacity@29 (line 257)
                      ; - java.lang.AbstractStringBuilder::ensureCapacityInternal@24 (line 229)
                      ; - java.lang.AbstractStringBuilder::append@21 (line 582)
                      ; - java.lang.StringBuilder::append@2 (line 179)
                      ; - java.net.URLStreamHandler::toExternalForm@59 (line 483)
                      ; - java.net.URL::toExternalForm@5 (line 1039)
                      ; - java.net.URL::toString@1 (line 1025)
                      ; - java.lang.ClassLoader::defineClassSourceLocation@22 (line 917)
                      ; - java.lang.ClassLoader::defineClass@12 (line 1016)
  0x000001ee87d31868: 9450 85ff | ba3d ffff | ff48 ffb4 | 2480 0000 | 0048 8f44 | 2440 4889 | 4424 f88b | 8424 8800 
  0x000001ee87d31888: 0000 8944 | 2448 488b | 4424 f848 | 895c 2458 | 8974 244c | 4489 6c24 | 6048 895c | 2468 4489 
  0x000001ee87d318a8: 5c24 6444 | 8984 2480 | 0000 0044 | 898c 2488 | 0000 0090 

  0x000001ee87d318bc: ;   {runtime_call UncommonTrapBlob}
  0x000001ee87d318bc: c5f8 77e8 

  0x000001ee87d318c0: ; ImmutableOopMap {[32]=Oop [40]=Oop [48]=Oop [64]=Oop [72]=NarrowOop [76]=NarrowOop [88]=Oop [100]=NarrowOop [104]=Oop }
                      ;*if_icmpge {reexecute=1 rethrow=0 return_oop=0}
                      ; - (reexecute) jdk.internal.util.ArraysSupport::newLength@10 (line 638)
                      ; - java.lang.AbstractStringBuilder::newCapacity@29 (line 257)
                      ; - java.lang.AbstractStringBuilder::ensureCapacityInternal@24 (line 229)
                      ; - java.lang.AbstractStringBuilder::append@21 (line 582)
                      ; - java.lang.StringBuilder::append@2 (line 179)
                      ; - java.net.URLStreamHandler::toExternalForm@77 (line 484)
                      ; - java.net.URL::toExternalForm@5 (line 1039)
                      ; - java.net.URL::toString@1 (line 1025)
                      ; - java.lang.ClassLoader::defineClassSourceLocation@22 (line 917)
                      ; - java.lang.ClassLoader::defineClass@12 (line 1016)
  0x000001ee87d318c0: 3c50 85ff | ba3d ffff | ff48 8b6c | 2420 4c8b | 5424 284c | 8954 2420 | 4c8b 5424 | 304c 8954 
  0x000001ee87d318e0: 2428 448b | 5424 3844 | 8954 2430 | 448b 5424 | 3c44 8954 | 2434 4889 | 5c24 5048 | 895c 2458 
  0x000001ee87d31900: 4489 5c24 | 4444 894c | 2470 4489 | 6c24 7444 | 8944 247c 

  0x000001ee87d31914: ;   {runtime_call UncommonTrapBlob}
  0x000001ee87d31914: c5f8 77e8 

  0x000001ee87d31918: ; ImmutableOopMap {rbp=Oop [32]=Oop [40]=Oop [68]=NarrowOop [80]=Oop [88]=Oop [128]=Oop [136]=NarrowOop }
                      ;*if_icmpge {reexecute=1 rethrow=0 return_oop=0}
                      ; - (reexecute) jdk.internal.util.ArraysSupport::newLength@10 (line 638)
                      ; - java.lang.AbstractStringBuilder::newCapacity@29 (line 257)
                      ; - java.lang.AbstractStringBuilder::ensureCapacityInternal@24 (line 229)
                      ; - java.lang.AbstractStringBuilder::append@21 (line 582)
                      ; - java.lang.StringBuilder::append@2 (line 179)
                      ; - java.net.URLStreamHandler::toExternalForm@113 (line 485)
                      ; - java.net.URL::toExternalForm@5 (line 1039)
                      ; - java.net.URL::toString@1 (line 1025)
                      ; - java.lang.ClassLoader::defineClassSourceLocation@22 (line 917)
                      ; - java.lang.ClassLoader::defineClass@12 (line 1016)
  0x000001ee87d31918: e44f 85ff | ba3d ffff | ff48 8b6c | 2420 488b | 4c24 2848 | 894c 2420 | 488b 4c24 | 3048 894c 
  0x000001ee87d31938: 2428 8b7c | 2438 897c | 2430 8b4c | 243c 894c | 2434 4889 | 5c24 4848 | 895c 2450 | 4489 4424 
  0x000001ee87d31958: 6044 8954 | 2464 4489 | 4c24 7044 | 895c 2478 

  0x000001ee87d31968: ;   {runtime_call UncommonTrapBlob}
  0x000001ee87d31968: c5f8 77e8 

  0x000001ee87d3196c: ; ImmutableOopMap {rbp=Oop [32]=Oop [40]=Oop [72]=Oop [80]=Oop [96]=NarrowOop [128]=Oop }
                      ;*if_icmpge {reexecute=1 rethrow=0 return_oop=0}
                      ; - (reexecute) jdk.internal.util.ArraysSupport::newLength@10 (line 638)
                      ; - java.lang.AbstractStringBuilder::newCapacity@29 (line 257)
                      ; - java.lang.AbstractStringBuilder::ensureCapacityInternal@24 (line 229)
                      ; - java.lang.AbstractStringBuilder::append@21 (line 582)
                      ; - java.lang.StringBuilder::append@2 (line 179)
                      ; - java.net.URLStreamHandler::toExternalForm@149 (line 486)
                      ; - java.net.URL::toExternalForm@5 (line 1039)
                      ; - java.net.URL::toString@1 (line 1025)
                      ; - java.lang.ClassLoader::defineClassSourceLocation@22 (line 917)
                      ; - java.lang.ClassLoader::defineClass@12 (line 1016)
  0x000001ee87d3196c: 904f 85ff | ba3d ffff | ff48 ffb4 | 2480 0000 | 0048 8f44 | 2440 4889 | 4424 f88b | 8424 8800 
  0x000001ee87d3198c: 0000 8944 | 2448 488b | 4424 f848 | 895c 2458 | 8974 244c | 4889 5c24 | 6044 8954 | 2470 4489 
  0x000001ee87d319ac: 4424 7489 | bc24 8000 | 0000 4489 | 8c24 8800 | 0000 6690 

  0x000001ee87d319c0: ;   {runtime_call UncommonTrapBlob}
  0x000001ee87d319c0: c5f8 77e8 

  0x000001ee87d319c4: ; ImmutableOopMap {[32]=Oop [40]=Oop [48]=Oop [64]=Oop [72]=NarrowOop [76]=NarrowOop [88]=Oop [96]=Oop [112]=NarrowOop }
                      ;*if_icmpge {reexecute=1 rethrow=0 return_oop=0}
                      ; - (reexecute) jdk.internal.util.ArraysSupport::newLength@10 (line 638)
                      ; - java.lang.AbstractStringBuilder::newCapacity@29 (line 257)
                      ; - java.lang.AbstractStringBuilder::ensureCapacityInternal@24 (line 229)
                      ; - java.lang.AbstractStringBuilder::append@21 (line 582)
                      ; - java.lang.StringBuilder::append@2 (line 179)
                      ; - java.net.URLStreamHandler::toExternalForm@11 (line 480)
                      ; - java.net.URL::toExternalForm@5 (line 1039)
                      ; - java.net.URL::toString@1 (line 1025)
                      ; - java.lang.ClassLoader::defineClassSourceLocation@22 (line 917)
                      ; - java.lang.ClassLoader::defineClass@12 (line 1016)
  0x000001ee87d319c4: 384f 85ff | 4c89 5424 | 6044 895c | 244c 4889 | 5c24 5848 | ff74 2440 | 488f 4424 

  0x000001ee87d319e0: ;   {metadata('java/lang/String')}
  0x000001ee87d319e0: 5048 bae0 | e900 9cee | 0100 0090 

  0x000001ee87d319ec: ;   {runtime_call _new_instance_Java}
  0x000001ee87d319ec: c5f8 77e8 

  0x000001ee87d319f0: ; ImmutableOopMap {rbp=Oop [32]=Oop [40]=Oop [48]=Oop [80]=Oop [88]=Oop [96]=Oop [128]=Oop [136]=NarrowOop }
                      ;*new {reexecute=1 rethrow=0 return_oop=1}
                      ; - (reexecute) java.net.URLStreamHandler::toExternalForm@35 (line 483)
                      ; - java.net.URL::toExternalForm@5 (line 1039)
                      ; - java.net.URL::toString@1 (line 1025)
                      ; - java.lang.ClassLoader::defineClassSourceLocation@22 (line 917)
                      ; - java.lang.ClassLoader::defineClass@12 (line 1016)
  0x000001ee87d319f0: 0cc9 8fff | 48ff 7424 | 5048 8f44 | 2440 488b | 5c24 5844 | 8b5c 244c | 4c8b 5424 | 604c 8be8 
  0x000001ee87d31a10: e97c e4ff | ff44 895c | 2460 4489 | 4c24 4c48 | 895c 2458 | 48ff 7424 | 4048 8f44 

  0x000001ee87d31a2c: ;   {metadata({type array byte})}
  0x000001ee87d31a2c: 2450 48ba | 2867 009c | ee01 0000 

  0x000001ee87d31a38: ;   {runtime_call _new_array_Java}
  0x000001ee87d31a38: c5f8 77e8 

  0x000001ee87d31a3c: ; ImmutableOopMap {rbp=Oop [32]=Oop [40]=Oop [48]=Oop [76]=NarrowOop [80]=Oop [88]=Oop [128]=Oop [136]=NarrowOop }
                      ;*new {reexecute=1 rethrow=0 return_oop=1}
                      ; - (reexecute) java.net.URLStreamHandler::toExternalForm@35 (line 483)
                      ; - java.net.URL::toExternalForm@5 (line 1039)
                      ; - java.net.URL::toString@1 (line 1025)
                      ; - java.lang.ClassLoader::defineClassSourceLocation@22 (line 917)
                      ; - java.lang.ClassLoader::defineClass@12 (line 1016)
  0x000001ee87d31a3c: c0cb 8fff | 48ff 7424 | 5048 8f44 | 2440 488b | 5c24 5844 | 8b4c 244c | 448b 5c24 | 604c 8bd0 
  0x000001ee87d31a5c: e9e3 e2ff | ff49 63c8 | e979 e2ff | ffba ccff | ffff 488b | 6c24 204c | 8b54 2428 | 4c89 5424 
  0x000001ee87d31a7c: 204c 8b54 | 2430 4c89 | 5424 2844 | 8b5c 2438 | 4489 5c24 | 3044 8b54 | 243c 4489 | 5424 3444 
  0x000001ee87d31a9c: 894c 2444 | 4889 5c24 | 4866 6690 

  0x000001ee87d31aa8: ;   {runtime_call UncommonTrapBlob}
  0x000001ee87d31aa8: c5f8 77e8 

  0x000001ee87d31aac: ; ImmutableOopMap {rbp=Oop [32]=Oop [40]=Oop [68]=NarrowOop [72]=Oop [128]=Oop [136]=NarrowOop }
                      ;*new {reexecute=0 rethrow=0 return_oop=0}
                      ; - java.net.URLStreamHandler::toExternalForm@35 (line 483)
                      ; - java.net.URL::toExternalForm@5 (line 1039)
                      ; - java.net.URL::toString@1 (line 1025)
                      ; - java.lang.ClassLoader::defineClassSourceLocation@22 (line 917)
                      ; - java.lang.ClassLoader::defineClass@12 (line 1016)
  0x000001ee87d31aac: 504e 85ff | baf6 ffff | ff66 6690 

  0x000001ee87d31ab8: ;   {runtime_call UncommonTrapBlob}
  0x000001ee87d31ab8: c5f8 77e8 

  0x000001ee87d31abc: ; ImmutableOopMap {}
                      ;*invokevirtual getCodeSource {reexecute=0 rethrow=0 return_oop=0}
                      ; - java.lang.ClassLoader::defineClassSourceLocation@1 (line 914)
                      ; - java.lang.ClassLoader::defineClass@12 (line 1016)
  0x000001ee87d31abc: 404e 85ff | baf6 ffff | ff66 6690 

  0x000001ee87d31ac8: ;   {runtime_call UncommonTrapBlob}
  0x000001ee87d31ac8: c5f8 77e8 

  0x000001ee87d31acc: ; ImmutableOopMap {}
                      ;*arraylength {reexecute=0 rethrow=0 return_oop=0}
                      ; - java.lang.AbstractStringBuilder::ensureCapacityInternal@4 (line 226)
                      ; - java.lang.AbstractStringBuilder::append@7 (line 802)
                      ; - java.lang.StringBuilder::append@2 (line 246)
                      ; - java.net.URLStreamHandler::toExternalForm@16 (line 480)
                      ; - java.net.URL::toExternalForm@5 (line 1039)
                      ; - java.net.URL::toString@1 (line 1025)
                      ; - java.lang.ClassLoader::defineClassSourceLocation@22 (line 917)
                      ; - java.lang.ClassLoader::defineClass@12 (line 1016)
  0x000001ee87d31acc: 304e 85ff | baf6 ffff | ff66 6690 

  0x000001ee87d31ad8: ;   {runtime_call UncommonTrapBlob}
  0x000001ee87d31ad8: c5f8 77e8 

  0x000001ee87d31adc: ; ImmutableOopMap {}
                      ;*arraylength {reexecute=0 rethrow=0 return_oop=0}
                      ; - java.lang.String::length@4 (line 1481)
                      ; - java.lang.AbstractStringBuilder::append@10 (line 581)
                      ; - java.lang.StringBuilder::append@2 (line 179)
                      ; - java.net.URLStreamHandler::toExternalForm@59 (line 483)
                      ; - java.net.URL::toExternalForm@5 (line 1039)
                      ; - java.net.URL::toString@1 (line 1025)
                      ; - java.lang.ClassLoader::defineClassSourceLocation@22 (line 917)
                      ; - java.lang.ClassLoader::defineClass@12 (line 1016)
  0x000001ee87d31adc: 204e 85ff | baf6 ffff | ff66 6690 

  0x000001ee87d31ae8: ;   {runtime_call UncommonTrapBlob}
  0x000001ee87d31ae8: c5f8 77e8 

  0x000001ee87d31aec: ; ImmutableOopMap {}
                      ;*arraylength {reexecute=0 rethrow=0 return_oop=0}
                      ; - java.lang.AbstractStringBuilder::ensureCapacityInternal@4 (line 226)
                      ; - java.lang.AbstractStringBuilder::append@21 (line 582)
                      ; - java.lang.StringBuilder::append@2 (line 179)
                      ; - java.net.URLStreamHandler::toExternalForm@59 (line 483)
                      ; - java.net.URL::toExternalForm@5 (line 1039)
                      ; - java.net.URL::toString@1 (line 1025)
                      ; - java.lang.ClassLoader::defineClassSourceLocation@22 (line 917)
                      ; - java.lang.ClassLoader::defineClass@12 (line 1016)
  0x000001ee87d31aec: 104e 85ff | baf6 ffff | ff41 8beb | 4489 5424 | 2044 8944 | 2424 6690 

  0x000001ee87d31b04: ;   {runtime_call UncommonTrapBlob}
  0x000001ee87d31b04: c5f8 77e8 

  0x000001ee87d31b08: ; ImmutableOopMap {rbp=NarrowOop }
                      ;*invokestatic arraycopy {reexecute=0 rethrow=0 return_oop=0}
                      ; - java.lang.String::getBytes@27 (line 4479)
                      ; - java.lang.AbstractStringBuilder::putStringAt@30 (line 1720)
                      ; - java.lang.AbstractStringBuilder::putStringAt@8 (line 1724)
                      ; - java.lang.AbstractStringBuilder::append@30 (line 583)
                      ; - java.lang.StringBuilder::append@2 (line 179)
                      ; - java.net.URLStreamHandler::toExternalForm@59 (line 483)
                      ; - java.net.URL::toExternalForm@5 (line 1039)
                      ; - java.net.URL::toString@1 (line 1025)
                      ; - java.lang.ClassLoader::defineClassSourceLocation@22 (line 917)
                      ; - java.lang.ClassLoader::defineClass@12 (line 1016)
  0x000001ee87d31b08: f44d 85ff | baf6 ffff | ff66 6690 

  0x000001ee87d31b14: ;   {runtime_call UncommonTrapBlob}
  0x000001ee87d31b14: c5f8 77e8 

  0x000001ee87d31b18: ; ImmutableOopMap {}
                      ;*arraylength {reexecute=0 rethrow=0 return_oop=0}
                      ; - java.lang.String::length@4 (line 1481)
                      ; - java.lang.AbstractStringBuilder::append@10 (line 581)
                      ; - java.lang.StringBuilder::append@2 (line 179)
                      ; - java.net.URLStreamHandler::toExternalForm@77 (line 484)
                      ; - java.net.URL::toExternalForm@5 (line 1039)
                      ; - java.net.URL::toString@1 (line 1025)
                      ; - java.lang.ClassLoader::defineClassSourceLocation@22 (line 917)
                      ; - java.lang.ClassLoader::defineClass@12 (line 1016)
  0x000001ee87d31b18: e44d 85ff | baf6 ffff | ff66 6690 

  0x000001ee87d31b24: ;   {runtime_call UncommonTrapBlob}
  0x000001ee87d31b24: c5f8 77e8 

  0x000001ee87d31b28: ; ImmutableOopMap {}
                      ;*arraylength {reexecute=0 rethrow=0 return_oop=0}
                      ; - java.lang.AbstractStringBuilder::ensureCapacityInternal@4 (line 226)
                      ; - java.lang.AbstractStringBuilder::append@21 (line 582)
                      ; - java.lang.StringBuilder::append@2 (line 179)
                      ; - java.net.URLStreamHandler::toExternalForm@77 (line 484)
                      ; - java.net.URL::toExternalForm@5 (line 1039)
                      ; - java.net.URL::toString@1 (line 1025)
                      ; - java.lang.ClassLoader::defineClassSourceLocation@22 (line 917)
                      ; - java.lang.ClassLoader::defineClass@12 (line 1016)
  0x000001ee87d31b28: d44d 85ff | baf6 ffff | ff66 6690 

  0x000001ee87d31b34: ;   {runtime_call UncommonTrapBlob}
  0x000001ee87d31b34: c5f8 77e8 

  0x000001ee87d31b38: ; ImmutableOopMap {}
                      ;*arraylength {reexecute=0 rethrow=0 return_oop=0}
                      ; - java.lang.String::length@4 (line 1481)
                      ; - java.lang.AbstractStringBuilder::putStringAt@5 (line 1724)
                      ; - java.lang.AbstractStringBuilder::append@30 (line 583)
                      ; - java.lang.StringBuilder::append@2 (line 179)
                      ; - java.net.URLStreamHandler::toExternalForm@77 (line 484)
                      ; - java.net.URL::toExternalForm@5 (line 1039)
                      ; - java.net.URL::toString@1 (line 1025)
                      ; - java.lang.ClassLoader::defineClassSourceLocation@22 (line 917)
                      ; - java.lang.ClassLoader::defineClass@12 (line 1016)
  0x000001ee87d31b38: c44d 85ff | baf6 ffff | ff44 894c | 2420 4489 | 4424 2490 

  0x000001ee87d31b4c: ;   {runtime_call UncommonTrapBlob}
  0x000001ee87d31b4c: c5f8 77e8 

  0x000001ee87d31b50: ; ImmutableOopMap {rbp=NarrowOop }
                      ;*invokestatic arraycopy {reexecute=0 rethrow=0 return_oop=0}
                      ; - java.lang.String::getBytes@27 (line 4479)
                      ; - java.lang.AbstractStringBuilder::putStringAt@30 (line 1720)
                      ; - java.lang.AbstractStringBuilder::putStringAt@8 (line 1724)
                      ; - java.lang.AbstractStringBuilder::append@30 (line 583)
                      ; - java.lang.StringBuilder::append@2 (line 179)
                      ; - java.net.URLStreamHandler::toExternalForm@77 (line 484)
                      ; - java.net.URL::toExternalForm@5 (line 1039)
                      ; - java.net.URL::toString@1 (line 1025)
                      ; - java.lang.ClassLoader::defineClassSourceLocation@22 (line 917)
                      ; - java.lang.ClassLoader::defineClass@12 (line 1016)
  0x000001ee87d31b50: ac4d 85ff | baf6 ffff | ff66 6690 

  0x000001ee87d31b5c: ;   {runtime_call UncommonTrapBlob}
  0x000001ee87d31b5c: c5f8 77e8 

  0x000001ee87d31b60: ; ImmutableOopMap {}
                      ;*arraylength {reexecute=0 rethrow=0 return_oop=0}
                      ; - java.lang.AbstractStringBuilder::ensureCapacityInternal@4 (line 226)
                      ; - java.lang.AbstractStringBuilder::append@21 (line 582)
                      ; - java.lang.StringBuilder::append@2 (line 179)
                      ; - java.net.URLStreamHandler::toExternalForm@113 (line 485)
                      ; - java.net.URL::toExternalForm@5 (line 1039)
                      ; - java.net.URL::toString@1 (line 1025)
                      ; - java.lang.ClassLoader::defineClassSourceLocation@22 (line 917)
                      ; - java.lang.ClassLoader::defineClass@12 (line 1016)
  0x000001ee87d31b60: 9c4d 85ff | baf6 ffff | ff41 8be9 

  0x000001ee87d31b6c: ;   {runtime_call UncommonTrapBlob}
  0x000001ee87d31b6c: c5f8 77e8 

  0x000001ee87d31b70: ; ImmutableOopMap {}
                      ;*invokestatic arraycopy {reexecute=0 rethrow=0 return_oop=0}
                      ; - java.lang.String::getBytes@27 (line 4479)
                      ; - java.lang.AbstractStringBuilder::putStringAt@30 (line 1720)
                      ; - java.lang.AbstractStringBuilder::putStringAt@8 (line 1724)
                      ; - java.lang.AbstractStringBuilder::append@30 (line 583)
                      ; - java.lang.StringBuilder::append@2 (line 179)
                      ; - java.net.URLStreamHandler::toExternalForm@113 (line 485)
                      ; - java.net.URL::toExternalForm@5 (line 1039)
                      ; - java.net.URL::toString@1 (line 1025)
                      ; - java.lang.ClassLoader::defineClassSourceLocation@22 (line 917)
                      ; - java.lang.ClassLoader::defineClass@12 (line 1016)
  0x000001ee87d31b70: 8c4d 85ff | baf6 ffff | ff66 6690 

  0x000001ee87d31b7c: ;   {runtime_call UncommonTrapBlob}
  0x000001ee87d31b7c: c5f8 77e8 

  0x000001ee87d31b80: ; ImmutableOopMap {}
                      ;*arraylength {reexecute=0 rethrow=0 return_oop=0}
                      ; - java.lang.AbstractStringBuilder::ensureCapacityInternal@4 (line 226)
                      ; - java.lang.AbstractStringBuilder::append@21 (line 582)
                      ; - java.lang.StringBuilder::append@2 (line 179)
                      ; - java.net.URLStreamHandler::toExternalForm@149 (line 486)
                      ; - java.net.URL::toExternalForm@5 (line 1039)
                      ; - java.net.URL::toString@1 (line 1025)
                      ; - java.lang.ClassLoader::defineClassSourceLocation@22 (line 917)
                      ; - java.lang.ClassLoader::defineClass@12 (line 1016)
  0x000001ee87d31b80: 7c4d 85ff | baf6 ffff | ff41 8be9 

  0x000001ee87d31b8c: ;   {runtime_call UncommonTrapBlob}
  0x000001ee87d31b8c: c5f8 77e8 

  0x000001ee87d31b90: ; ImmutableOopMap {}
                      ;*invokestatic arraycopy {reexecute=0 rethrow=0 return_oop=0}
                      ; - java.lang.String::getBytes@27 (line 4479)
                      ; - java.lang.AbstractStringBuilder::putStringAt@30 (line 1720)
                      ; - java.lang.AbstractStringBuilder::putStringAt@8 (line 1724)
                      ; - java.lang.AbstractStringBuilder::append@30 (line 583)
                      ; - java.lang.StringBuilder::append@2 (line 179)
                      ; - java.net.URLStreamHandler::toExternalForm@149 (line 486)
                      ; - java.net.URL::toExternalForm@5 (line 1039)
                      ; - java.net.URL::toString@1 (line 1025)
                      ; - java.lang.ClassLoader::defineClassSourceLocation@22 (line 917)
                      ; - java.lang.ClassLoader::defineClass@12 (line 1016)
  0x000001ee87d31b90: 6c4d 85ff | baf6 ffff | ff66 6690 

  0x000001ee87d31b9c: ;   {runtime_call UncommonTrapBlob}
  0x000001ee87d31b9c: c5f8 77e8 

  0x000001ee87d31ba0: ; ImmutableOopMap {}
                      ;*arraylength {reexecute=0 rethrow=0 return_oop=0}
                      ; - java.lang.String::length@4 (line 1481)
                      ; - java.lang.AbstractStringBuilder::append@10 (line 581)
                      ; - java.lang.StringBuilder::append@2 (line 179)
                      ; - java.net.URLStreamHandler::toExternalForm@11 (line 480)
                      ; - java.net.URL::toExternalForm@5 (line 1039)
                      ; - java.net.URL::toString@1 (line 1025)
                      ; - java.lang.ClassLoader::defineClassSourceLocation@22 (line 917)
                      ; - java.lang.ClassLoader::defineClass@12 (line 1016)
  0x000001ee87d31ba0: 5c4d 85ff | baf6 ffff | ff66 6690 

  0x000001ee87d31bac: ;   {runtime_call UncommonTrapBlob}
  0x000001ee87d31bac: c5f8 77e8 

  0x000001ee87d31bb0: ; ImmutableOopMap {}
                      ;*arraylength {reexecute=0 rethrow=0 return_oop=0}
                      ; - java.lang.AbstractStringBuilder::ensureCapacityInternal@4 (line 226)
                      ; - java.lang.AbstractStringBuilder::append@21 (line 582)
                      ; - java.lang.StringBuilder::append@2 (line 179)
                      ; - java.net.URLStreamHandler::toExternalForm@11 (line 480)
                      ; - java.net.URL::toExternalForm@5 (line 1039)
                      ; - java.net.URL::toString@1 (line 1025)
                      ; - java.lang.ClassLoader::defineClassSourceLocation@22 (line 917)
                      ; - java.lang.ClassLoader::defineClass@12 (line 1016)
  0x000001ee87d31bb0: 4c4d 85ff | baf6 ffff | ff66 6690 

  0x000001ee87d31bbc: ;   {runtime_call UncommonTrapBlob}
  0x000001ee87d31bbc: c5f8 77e8 

  0x000001ee87d31bc0: ; ImmutableOopMap {}
                      ;*arraylength {reexecute=0 rethrow=0 return_oop=0}
                      ; - java.lang.String::length@4 (line 1481)
                      ; - java.lang.AbstractStringBuilder::putStringAt@5 (line 1724)
                      ; - java.lang.AbstractStringBuilder::append@30 (line 583)
                      ; - java.lang.StringBuilder::append@2 (line 179)
                      ; - java.net.URLStreamHandler::toExternalForm@11 (line 480)
                      ; - java.net.URL::toExternalForm@5 (line 1039)
                      ; - java.net.URL::toString@1 (line 1025)
                      ; - java.lang.ClassLoader::defineClassSourceLocation@22 (line 917)
                      ; - java.lang.ClassLoader::defineClass@12 (line 1016)
  0x000001ee87d31bc0: 3c4d 85ff | baf6 ffff | ff41 8bed | 897c 2420 | 4489 5c24 | 2466 6690 

  0x000001ee87d31bd8: ;   {runtime_call UncommonTrapBlob}
  0x000001ee87d31bd8: c5f8 77e8 

  0x000001ee87d31bdc: ; ImmutableOopMap {rbp=NarrowOop }
                      ;*invokestatic arraycopy {reexecute=0 rethrow=0 return_oop=0}
                      ; - java.lang.String::getBytes@27 (line 4479)
                      ; - java.lang.AbstractStringBuilder::putStringAt@30 (line 1720)
                      ; - java.lang.AbstractStringBuilder::putStringAt@8 (line 1724)
                      ; - java.lang.AbstractStringBuilder::append@30 (line 583)
                      ; - java.lang.StringBuilder::append@2 (line 179)
                      ; - java.net.URLStreamHandler::toExternalForm@11 (line 480)
                      ; - java.net.URL::toExternalForm@5 (line 1039)
                      ; - java.net.URL::toString@1 (line 1025)
                      ; - java.lang.ClassLoader::defineClassSourceLocation@22 (line 917)
                      ; - java.lang.ClassLoader::defineClass@12 (line 1016)
  0x000001ee87d31bdc: 204d 85ff | baf6 ffff | ff48 8b6c | 2420 4c8b | 4424 284c | 8944 2420 | 4c8b 4424 | 304c 8944 
  0x000001ee87d31bfc: 2428 448b | 4c24 3844 | 894c 2430 | 448b 4424 | 3c44 8944 | 2434 4c89 | 6c24 4844 | 8954 2454 
  0x000001ee87d31c1c: 4489 5c24 | 5866 6690 

  0x000001ee87d31c24: ;   {runtime_call UncommonTrapBlob}
  0x000001ee87d31c24: c5f8 77e8 

  0x000001ee87d31c28: ; ImmutableOopMap {rbp=Oop [32]=Oop [40]=Oop [72]=Oop [88]=NarrowOop [128]=Oop }
                      ;*newarray {reexecute=1 rethrow=0 return_oop=0}
                      ; - (reexecute) java.util.Arrays::copyOfRange@41 (line 3822)
                      ; - java.lang.StringLatin1::newString@16 (line 769)
                      ; - java.lang.StringBuilder::toString@16 (line 453)
                      ; - java.net.URLStreamHandler::toExternalForm@152 (line 486)
                      ; - java.net.URL::toExternalForm@5 (line 1039)
                      ; - java.net.URL::toString@1 (line 1025)
                      ; - java.lang.ClassLoader::defineClassSourceLocation@22 (line 917)
                      ; - java.lang.ClassLoader::defineClass@12 (line 1016)
  0x000001ee87d31c28: d44c 85ff | baf6 ffff | ff41 8bea 

  0x000001ee87d31c34: ;   {runtime_call UncommonTrapBlob}
  0x000001ee87d31c34: c5f8 77e8 

  0x000001ee87d31c38: ; ImmutableOopMap {}
                      ;*bastore {reexecute=0 rethrow=0 return_oop=0}
                      ; - java.lang.AbstractStringBuilder::append@41 (line 804)
                      ; - java.lang.StringBuilder::append@2 (line 246)
                      ; - java.net.URLStreamHandler::toExternalForm@16 (line 480)
                      ; - java.net.URL::toExternalForm@5 (line 1039)
                      ; - java.net.URL::toString@1 (line 1025)
                      ; - java.lang.ClassLoader::defineClassSourceLocation@22 (line 917)
                      ; - java.lang.ClassLoader::defineClass@12 (line 1016)
  0x000001ee87d31c38: c44c 85ff | ba45 ffff | ff48 8b6c | 2420 4c8b | 5424 284c | 8954 2420 | 4c8b 5424 | 304c 8954 
  0x000001ee87d31c58: 2428 448b | 5424 3844 | 8954 2430 | 448b 4424 | 3c44 8944 | 2434 4489 | 5c24 4490 

  0x000001ee87d31c74: ;   {runtime_call UncommonTrapBlob}
  0x000001ee87d31c74: c5f8 77e8 

  0x000001ee87d31c78: ; ImmutableOopMap {rbp=Oop [32]=Oop [40]=Oop [68]=NarrowOop [128]=Oop }
                      ;*ifnull {reexecute=1 rethrow=0 return_oop=0}
                      ; - (reexecute) java.lang.ClassLoader::defineClassSourceLocation@8 (line 916)
                      ; - java.lang.ClassLoader::defineClass@12 (line 1016)
  0x000001ee87d31c78: 844c 85ff | ba45 ffff | ff48 8b6c | 2420 4c8b | 5424 284c | 8954 2420 | 4c8b 5424 | 304c 8954 
  0x000001ee87d31c98: 2428 448b | 5424 3844 | 8954 2430 | 448b 5c24 | 3c44 895c | 2434 4889 | 5c24 4889 | 7424 5090 
  0x000001ee87d31cb8: ;   {runtime_call UncommonTrapBlob}
  0x000001ee87d31cb8: c5f8 77e8 

  0x000001ee87d31cbc: ; ImmutableOopMap {rbp=Oop [32]=Oop [40]=Oop [72]=Oop [80]=NarrowOop [128]=Oop [136]=NarrowOop }
                      ;*ifnull {reexecute=1 rethrow=0 return_oop=0}
                      ; - (reexecute) java.net.URLStreamHandler::toExternalForm@68 (line 484)
                      ; - java.net.URL::toExternalForm@5 (line 1039)
                      ; - java.net.URL::toString@1 (line 1025)
                      ; - java.lang.ClassLoader::defineClassSourceLocation@22 (line 917)
                      ; - java.lang.ClassLoader::defineClass@12 (line 1016)
  0x000001ee87d31cbc: 404c 85ff | baf6 ffff | ff66 6690 

  0x000001ee87d31cc8: ;   {runtime_call UncommonTrapBlob}
  0x000001ee87d31cc8: c5f8 77e8 

  0x000001ee87d31ccc: ; ImmutableOopMap {}
                      ;*arraylength {reexecute=0 rethrow=0 return_oop=0}
                      ; - java.lang.String::isEmpty@4 (line 1494)
                      ; - java.net.URLStreamHandler::toExternalForm@29 (line 482)
                      ; - java.net.URL::toExternalForm@5 (line 1039)
                      ; - java.net.URL::toString@1 (line 1025)
                      ; - java.lang.ClassLoader::defineClassSourceLocation@22 (line 917)
                      ; - java.lang.ClassLoader::defineClass@12 (line 1016)
  0x000001ee87d31ccc: 304c 85ff | eb18 eb16 | eb14 eb12 | eb10 eb0e | eb0c eb0a | eb08 eb06 | eb04 eb02 | eb00 488b 
  0x000001ee87d31cec: d0eb 0d48 | 8bd0 eb08 | 488b d0eb | 0348 8bd0 | c5f8 7748 | 81c4 a000 

  0x000001ee87d31d04: ;   {runtime_call _rethrow_Java}
  0x000001ee87d31d04: 0000 5de9 | f495 8fff 

  0x000001ee87d31d0c: ;   {internal_word}
  0x000001ee87d31d0c: 49ba 2ef3 | d287 ee01 | 0000 4d89 | 9760 0300 

  0x000001ee87d31d1c: ;   {runtime_call SafepointBlob}
  0x000001ee87d31d1c: 00e9 de5c | 85ff f4f4 | f4f4 f4f4 | f4f4 f4f4 | f4f4 f4f4 | f4f4 f4f4 | f4f4 f4f4 | f4f4 f4f4 
  0x000001ee87d31d3c: f4f4 f4f4 
[Stub Code]
  0x000001ee87d31d40: ;   {no_reloc}
  0x000001ee87d31d40: 48bb 600e | 019c ee01 

  0x000001ee87d31d48: ;   {runtime_call I2C/C2I adapters}
  0x000001ee87d31d48: 0000 e992 

  0x000001ee87d31d4c: ;   {static_stub}
  0x000001ee87d31d4c: bc84 ff48 | bb00 0000 | 0000 0000 

  0x000001ee87d31d58: ;   {runtime_call}
  0x000001ee87d31d58: 00e9 fbff 

  0x000001ee87d31d5c: ;   {static_stub}
  0x000001ee87d31d5c: ffff 48bb | 780f 019c | ee01 0000 

  0x000001ee87d31d68: ;   {runtime_call I2C/C2I adapters}
  0x000001ee87d31d68: e974 bc84 

  0x000001ee87d31d6c: ;   {static_stub}
  0x000001ee87d31d6c: ff48 bb00 | 0000 0000 

  0x000001ee87d31d74: ;   {runtime_call}
  0x000001ee87d31d74: 0000 00e9 | fbff ffff 

  0x000001ee87d31d7c: ;   {static_stub}
  0x000001ee87d31d7c: 48bb 0000 | 0000 0000 

  0x000001ee87d31d84: ;   {runtime_call}
  0x000001ee87d31d84: 0000 e9fb 

  0x000001ee87d31d88: ;   {runtime_call ExceptionBlob}
  0x000001ee87d31d88: ffff ffe9 | f019 8fff 
[Deopt Handler Code]
  0x000001ee87d31d90: e800 0000 | 0048 832c 

  0x000001ee87d31d98: ;   {runtime_call DeoptimizationBlob}
  0x000001ee87d31d98: 2405 e901 | 4f85 fff4 
[/MachCode]


Compiled method (c2) 23231 4150       4       java.security.SecureClassLoader::defineClass (16 bytes)
 total in heap  [0x000001ee87dbd990,0x000001ee87dbe080] = 1776
 relocation     [0x000001ee87dbdaf0,0x000001ee87dbdb40] = 80
 main code      [0x000001ee87dbdb40,0x000001ee87dbdde0] = 672
 stub code      [0x000001ee87dbdde0,0x000001ee87dbde18] = 56
 metadata       [0x000001ee87dbde18,0x000001ee87dbde48] = 48
 scopes data    [0x000001ee87dbde48,0x000001ee87dbdf50] = 264
 scopes pcs     [0x000001ee87dbdf50,0x000001ee87dbe000] = 176
 dependencies   [0x000001ee87dbe000,0x000001ee87dbe008] = 8
 handler table  [0x000001ee87dbe008,0x000001ee87dbe068] = 96
 nul chk table  [0x000001ee87dbe068,0x000001ee87dbe080] = 24

[Constant Pool (empty)]

[MachCode]
[Entry Point]
  # {method} {0x000001ee9c435008} 'defineClass' '(Ljava/lang/String;[BIILjava/security/CodeSource;)Ljava/lang/Class;' in 'java/security/SecureClassLoader'
  # this:     rdx:rdx   = 'java/security/SecureClassLoader'
  # parm0:    r8:r8     = 'java/lang/String'
  # parm1:    r9:r9     = '[B'
  # parm2:    rdi       = int
  # parm3:    rsi       = int
  # parm4:    rcx:rcx   = 'java/security/CodeSource'
  #           [sp+0x60]  (sp of caller)
  0x000001ee87dbdb40: 448b 5208 | 49bb 0000 | 009c ee01 | 0000 4d03 | d349 3bc2 

  0x000001ee87dbdb54: ;   {runtime_call ic_miss_stub}
  0x000001ee87dbdb54: 0f85 2635 | 7cff 6690 | 0f1f 4000 
[Verified Entry Point]
  0x000001ee87dbdb60: 8984 2400 | 90ff ff55 | 4883 ec50 | 8974 2424 | 897c 2420 | 4c89 4c24 | 104c 8944 | 2408 4889 
  0x000001ee87dbdb80: 5424 1848 | 894c 2438 | 4885 c90f | 8497 0100 | 004d 8b87 | 0801 0000 | 4d8b d049 | 83c2 104d 
  0x000001ee87dbdba0: 3b97 1801 | 0000 0f83 | 1a01 0000 | 4d89 9708 | 0100 0041 | 0f18 8200 | 0100 0049 | c700 0100 
  0x000001ee87dbdbc0: ;   {metadata('java/security/SecureClassLoader$CodeSourceKey')}
  0x000001ee87dbdbc0: 0000 41c7 | 4008 e083 | 1400 4c8b | 5424 384d | 8bda 49c1 | eb03 4589 | 580c 4d8b | 8f08 0100 
  0x000001ee87dbdbe0: 004c 8b54 | 2418 418b | 6a50 4d8b | d149 83c2 | 184d 3b97 | 1801 0000 | 0f83 9100 | 0000 4d89 
  0x000001ee87dbdc00: 9708 0100 | 0041 0f18 | 8200 0100 | 0049 c701 | 0100 0000 

  0x000001ee87dbdc14: ;   {metadata('java/security/SecureClassLoader$1')}
  0x000001ee87dbdc14: 41c7 4108 | f085 1400 | 4589 6114 | 4589 590c | 4c8b 5424 | 1849 c1ea | 0345 8951 | 1045 8b54 
  0x000001ee87dbdc34: ;   {metadata('java/util/concurrent/ConcurrentHashMap')}
  0x000001ee87dbdc34: ec08 4181 | fa38 e400 | 000f 85a1 | 0000 0049 

  0x000001ee87dbdc44: ;   {optimized virtual_call}
  0x000001ee87dbdc44: 8d14 ece8 

  0x000001ee87dbdc48: ; ImmutableOopMap {[8]=Oop [16]=Oop [24]=Oop }
                      ;*invokeinterface computeIfAbsent {reexecute=0 rethrow=0 return_oop=1}
                      ; - java.security.SecureClassLoader::getProtectionDomain@29 (line 222)
                      ; - java.security.SecureClassLoader::defineClass@9 (line 150)
  0x000001ee87dbdc48: 940e 3bf9 

  0x000001ee87dbdc4c: ; implicit exception: dispatches to 0x000001ee87dbdd8c
  0x000001ee87dbdc4c: 448b 5808 

  0x000001ee87dbdc50: ;   {metadata('java/security/ProtectionDomain')}
  0x000001ee87dbdc50: 4181 fb80 | ec00 000f | 85f3 0000 | 0048 8bc8 | 488b 5424 | 184c 8b44 | 2408 4c8b | 4c24 108b 
  0x000001ee87dbdc70: 7c24 208b 

  0x000001ee87dbdc74: ;   {optimized virtual_call}
  0x000001ee87dbdc74: 7424 24e8 

  0x000001ee87dbdc78: ; ImmutableOopMap {}
                      ;*invokevirtual defineClass {reexecute=0 rethrow=0 return_oop=1}
                      ; - java.security.SecureClassLoader::defineClass@12 (line 150)
  0x000001ee87dbdc78: e40f f7ff | 4883 c450 

  0x000001ee87dbdc80: ;   {poll_return}
  0x000001ee87dbdc80: 5d49 3ba7 | 4803 0000 | 0f87 3801 | 0000 c344 | 895c 2430 | 4c89 4424 

  0x000001ee87dbdc98: ;   {metadata('java/security/SecureClassLoader$1')}
  0x000001ee87dbdc98: 2848 baf0 | 8514 9cee | 0100 0048 | ff74 2438 | 488f 0424 

  0x000001ee87dbdcac: ;   {runtime_call _new_instance_Java}
  0x000001ee87dbdcac: 6666 90e8 

  0x000001ee87dbdcb0: ; ImmutableOopMap {rbp=NarrowOop [0]=Oop [8]=Oop [16]=Oop [24]=Oop [40]=Oop [48]=NarrowOop }
                      ;*new {reexecute=0 rethrow=0 return_oop=1}
                      ; - java.security.SecureClassLoader::getProtectionDomain@20 (line 222)
                      ; - java.security.SecureClassLoader::defineClass@9 (line 150)
  0x000001ee87dbdcb0: 4c06 87ff | 4c8b 4424 | 2844 8b5c | 2430 4c8b | c8e9 5aff 

  0x000001ee87dbdcc4: ;   {metadata('java/security/SecureClassLoader$CodeSourceKey')}
  0x000001ee87dbdcc4: ffff 48ba | e083 149c | ee01 0000 | 488b 6c24 

  0x000001ee87dbdcd4: ;   {runtime_call _new_instance_Java}
  0x000001ee87dbdcd4: 1866 90e8 

  0x000001ee87dbdcd8: ; ImmutableOopMap {rbp=Oop [8]=Oop [16]=Oop [24]=Oop [56]=Oop }
                      ;*new {reexecute=0 rethrow=0 return_oop=1}
                      ; - java.security.SecureClassLoader::getProtectionDomain@6 (line 221)
                      ; - java.security.SecureClassLoader::defineClass@9 (line 150)
  0x000001ee87dbdcd8: 2406 87ff | 4c8b c0e9 | e6fe ffff | bade ffff | ff48 ff74 | 2418 488f | 0424 4889 | 4424 f88b 
  0x000001ee87dbdcf8: 4424 2089 | 4424 1848 | 8b44 24f8 | 4889 4424 | f88b 4424 | 2489 4424 | 1c48 8b44 | 24f8 4c89 
  0x000001ee87dbdd18: 4424 204c | 894c 2428 

  0x000001ee87dbdd20: ;   {runtime_call UncommonTrapBlob}
  0x000001ee87dbdd20: 6666 90e8 

  0x000001ee87dbdd24: ; ImmutableOopMap {rbp=NarrowOop [0]=Oop [8]=Oop [16]=Oop [32]=Oop [40]=Oop }
                      ;*invokeinterface computeIfAbsent {reexecute=0 rethrow=0 return_oop=0}
                      ; - java.security.SecureClassLoader::getProtectionDomain@29 (line 222)
                      ; - java.security.SecureClassLoader::defineClass@9 (line 150)
  0x000001ee87dbdd24: d88b 7cff | ba45 ffff | ff48 8b6c | 2418 4c89 | 0424 4c89 | 4c24 0889 | 7c24 1089 | 7424 1448 
  0x000001ee87dbdd44: 894c 2428 

  0x000001ee87dbdd48: ;   {runtime_call UncommonTrapBlob}
  0x000001ee87dbdd48: 6666 90e8 

  0x000001ee87dbdd4c: ; ImmutableOopMap {rbp=Oop [0]=Oop [8]=Oop [40]=Oop [56]=Oop }
                      ;*ifnonnull {reexecute=1 rethrow=0 return_oop=0}
                      ; - (reexecute) java.security.SecureClassLoader::getProtectionDomain@1 (line 213)
                      ; - java.security.SecureClassLoader::defineClass@9 (line 150)
  0x000001ee87dbdd4c: b08b 7cff | bade ffff | ff48 8b6c | 2418 4c8b | 5424 084c | 8914 244c | 8b54 2410 | 4c89 5424 
  0x000001ee87dbdd6c: 0848 8944 

  0x000001ee87dbdd70: ;   {runtime_call UncommonTrapBlob}
  0x000001ee87dbdd70: 2418 90e8 

  0x000001ee87dbdd74: ; ImmutableOopMap {rbp=Oop [0]=Oop [8]=Oop [24]=Oop }
                      ;*checkcast {reexecute=0 rethrow=0 return_oop=0}
                      ; - java.security.SecureClassLoader::getProtectionDomain@34 (line 222)
                      ; - java.security.SecureClassLoader::defineClass@9 (line 150)
  0x000001ee87dbdd74: 888b 7cff | baf6 ffff | ff49 8be8 | 4c89 0c24 

  0x000001ee87dbdd84: ;   {runtime_call UncommonTrapBlob}
  0x000001ee87dbdd84: 6666 90e8 

  0x000001ee87dbdd88: ; ImmutableOopMap {rbp=Oop [0]=Oop }
                      ;*invokeinterface computeIfAbsent {reexecute=0 rethrow=0 return_oop=0}
                      ; - java.security.SecureClassLoader::getProtectionDomain@29 (line 222)
                      ; - java.security.SecureClassLoader::defineClass@9 (line 150)
  0x000001ee87dbdd88: 748b 7cff | baf4 ffff | ff48 8b6c | 2418 4c8b | 5424 084c | 8914 244c | 8b54 2410 | 4c89 5424 
  0x000001ee87dbdda8: ;   {runtime_call UncommonTrapBlob}
  0x000001ee87dbdda8: 0866 90e8 

  0x000001ee87dbddac: ; ImmutableOopMap {rbp=Oop [0]=Oop [8]=Oop }
                      ;*checkcast {reexecute=0 rethrow=0 return_oop=0}
                      ; - java.security.SecureClassLoader::getProtectionDomain@34 (line 222)
                      ; - java.security.SecureClassLoader::defineClass@9 (line 150)
  0x000001ee87dbddac: 508b 7cff | eb02 eb00 | 488b d0eb | 0348 8bd0 | 4883 c450 

  0x000001ee87dbddc0: ;   {runtime_call _rethrow_Java}
  0x000001ee87dbddc0: 5de9 3ad5 

  0x000001ee87dbddc4: ;   {internal_word}
  0x000001ee87dbddc4: 86ff 49ba | 81dc db87 | ee01 0000 | 4d89 9760 

  0x000001ee87dbddd4: ;   {runtime_call SafepointBlob}
  0x000001ee87dbddd4: 0300 00e9 | 249c 7cff | f4f4 f4f4 
[Stub Code]
  0x000001ee87dbdde0: ;   {no_reloc}
  0x000001ee87dbdde0: 48bb 50ca | 429c ee01 

  0x000001ee87dbdde8: ;   {runtime_call I2C/C2I adapters}
  0x000001ee87dbdde8: 0000 e9f2 

  0x000001ee87dbddec: ;   {static_stub}
  0x000001ee87dbddec: fb7b ff48 | bb00 0000 | 0000 0000 

  0x000001ee87dbddf8: ;   {runtime_call}
  0x000001ee87dbddf8: 00e9 fbff 

  0x000001ee87dbddfc: ;   {runtime_call ExceptionBlob}
  0x000001ee87dbddfc: ffff e97d | 5986 ffe8 | 0000 0000 | 4883 2c24 

  0x000001ee87dbde0c: ;   {runtime_call DeoptimizationBlob}
  0x000001ee87dbde0c: 05e9 8e8e | 7cff f4f4 | f4f4 f4f4 
[/MachCode]


---------------  P R O C E S S  ---------------

Threads class SMR info:
_java_thread_list=0x000001eee2685bb0, length=58, elements={
0x000001eef83bd910, 0x000001ee9b040c00, 0x000001ee9b0412e0, 0x000001ee9b0787d0,
0x000001ee9b078cb0, 0x000001ee9b079190, 0x000001ee9b07e690, 0x000001ee9b702090,
0x000001ee9b70dac0, 0x000001ee9b70fff0, 0x000001ee9b02b8e0, 0x000001ee9b906a70,
0x000001eee2e3c250, 0x000001eee162c1d0, 0x000001eee27d94e0, 0x000001eee14ab710,
0x000001eee394ab60, 0x000001eee333a0a0, 0x000001eee333c920, 0x000001eee333ce30,
0x000001eee333bf00, 0x000001eee333c410, 0x000001eee333afd0, 0x000001eee333b4e0,
0x000001eee41fdbd0, 0x000001eee41fc790, 0x000001eee41fcca0, 0x000001eee41fb860,
0x000001eee41fd1b0, 0x000001eee41fc280, 0x000001eee41fae40, 0x000001eee4200450,
0x000001eee41feb00, 0x000001eee41fff40, 0x000001eee4200960, 0x000001eee41fe0e0,
0x000001eee4201da0, 0x000001eee42022b0, 0x000001eee42027c0, 0x000001eee333d340,
0x000001eee333b9f0, 0x000001eee57f81e0, 0x000001eee57f5960, 0x000001eee57f86f0,
0x000001eee57f77c0, 0x000001eee57f7cd0, 0x000001eee57f4f40, 0x000001eee57f5e70,
0x000001eee57f5450, 0x000001eee57f9110, 0x000001eee57f6890, 0x000001eee57f8c00,
0x000001eee57f9620, 0x000001eee57f6da0, 0x000001eee57f6380, 0x000001eee57fa040,
0x000001eee57faf70, 0x000001eee57fbea0
}

Java Threads: ( => current thread )
  0x000001eef83bd910 JavaThread "main" [_thread_blocked, id=1368, stack(0x0000008182200000,0x0000008182300000)]
  0x000001ee9b040c00 JavaThread "Reference Handler" daemon [_thread_blocked, id=9572, stack(0x0000008182900000,0x0000008182a00000)]
  0x000001ee9b0412e0 JavaThread "Finalizer" daemon [_thread_blocked, id=3564, stack(0x0000008182a00000,0x0000008182b00000)]
  0x000001ee9b0787d0 JavaThread "Signal Dispatcher" daemon [_thread_blocked, id=1736, stack(0x0000008182b00000,0x0000008182c00000)]
  0x000001ee9b078cb0 JavaThread "Attach Listener" daemon [_thread_blocked, id=15468, stack(0x0000008182c00000,0x0000008182d00000)]
  0x000001ee9b079190 JavaThread "Service Thread" daemon [_thread_blocked, id=8944, stack(0x0000008182d00000,0x0000008182e00000)]
  0x000001ee9b07e690 JavaThread "Monitor Deflation Thread" daemon [_thread_blocked, id=6200, stack(0x0000008182e00000,0x0000008182f00000)]
  0x000001ee9b702090 JavaThread "C2 CompilerThread0" daemon [_thread_blocked, id=17644, stack(0x0000008182f00000,0x0000008183000000)]
  0x000001ee9b70dac0 JavaThread "C1 CompilerThread0" daemon [_thread_blocked, id=9528, stack(0x0000008183000000,0x0000008183100000)]
  0x000001ee9b70fff0 JavaThread "Sweeper thread" daemon [_thread_blocked, id=11800, stack(0x0000008183100000,0x0000008183200000)]
  0x000001ee9b02b8e0 JavaThread "Common-Cleaner" daemon [_thread_blocked, id=11712, stack(0x0000008183200000,0x0000008183300000)]
  0x000001ee9b906a70 JavaThread "Notification Thread" daemon [_thread_blocked, id=6864, stack(0x0000008183300000,0x0000008183400000)]
  0x000001eee2e3c250 JavaThread "Daemon health stats" [_thread_blocked, id=15756, stack(0x0000008183600000,0x0000008183700000)]
  0x000001eee162c1d0 JavaThread "Incoming local TCP Connector on port 57851" [_thread_in_native, id=12904, stack(0x0000008183b00000,0x0000008183c00000)]
  0x000001eee27d94e0 JavaThread "Daemon periodic checks" [_thread_blocked, id=2352, stack(0x0000008183c00000,0x0000008183d00000)]
  0x000001eee14ab710 JavaThread "Daemon" [_thread_blocked, id=2572, stack(0x0000008183d00000,0x0000008183e00000)]
  0x000001eee394ab60 JavaThread "Handler for socket connection from /127.0.0.1:57851 to /127.0.0.1:57852" [_thread_in_native, id=14780, stack(0x0000008183e00000,0x0000008183f00000)]
  0x000001eee333a0a0 JavaThread "Cancel handler" [_thread_blocked, id=6772, stack(0x0000008183f00000,0x0000008184000000)]
=>0x000001eee333c920 JavaThread "Daemon worker" [_thread_in_vm, id=14344, stack(0x0000008184000000,0x0000008184100000)]
  0x000001eee333ce30 JavaThread "Asynchronous log dispatcher for DefaultDaemonConnection: socket connection from /127.0.0.1:57851 to /127.0.0.1:57852" [_thread_blocked, id=7248, stack(0x0000008184100000,0x0000008184200000)]
  0x000001eee333bf00 JavaThread "Stdin handler" [_thread_blocked, id=19204, stack(0x0000008184200000,0x0000008184300000)]
  0x000001eee333c410 JavaThread "Daemon client event forwarder" [_thread_blocked, id=11848, stack(0x0000008184300000,0x0000008184400000)]
  0x000001eee333afd0 JavaThread "Cache worker for journal cache (C:\Users\LENOVO\.gradle\caches\journal-1)" [_thread_blocked, id=16080, stack(0x0000008184400000,0x0000008184500000)]
  0x000001eee333b4e0 JavaThread "File lock request listener" [_thread_in_native, id=7508, stack(0x0000008184500000,0x0000008184600000)]
  0x000001eee41fdbd0 JavaThread "Cache worker for file hash cache (C:\Users\LENOVO\.gradle\caches\9.1.0\fileHashes)" [_thread_blocked, id=15924, stack(0x0000008184600000,0x0000008184700000)]
  0x000001eee41fc790 JavaThread "Cache worker for file hash cache (C:\Users\LENOVO\Desktop\HomeDecor AI (App)\.gradle\9.1.0\fileHashes)" [_thread_blocked, id=19088, stack(0x0000008184b00000,0x0000008184c00000)]
  0x000001eee41fcca0 JavaThread "Cache worker for Build Output Cleanup Cache (C:\Users\LENOVO\Desktop\HomeDecor AI (App)\.gradle\buildOutputCleanup)" [_thread_blocked, id=8692, stack(0x0000008184c00000,0x0000008184d00000)]
  0x000001eee41fb860 JavaThread "File watcher server" daemon [_thread_in_native, id=19436, stack(0x0000008184d00000,0x0000008184e00000)]
  0x000001eee41fd1b0 JavaThread "File watcher consumer" daemon [_thread_blocked, id=16288, stack(0x0000008184e00000,0x0000008184f00000)]
  0x000001eee41fc280 JavaThread "Cache worker for checksums cache (C:\Users\LENOVO\Desktop\HomeDecor AI (App)\.gradle\9.1.0\checksums)" [_thread_blocked, id=1192, stack(0x0000008184f00000,0x0000008185000000)]
  0x000001eee41fae40 JavaThread "Cache worker for file content cache (C:\Users\LENOVO\.gradle\caches\9.1.0\fileContent)" [_thread_blocked, id=13660, stack(0x0000008185000000,0x0000008185100000)]
  0x000001eee4200450 JavaThread "Cache worker for cache directory md-supplier (C:\Users\LENOVO\.gradle\caches\9.1.0\md-supplier)" [_thread_blocked, id=5372, stack(0x0000008185100000,0x0000008185200000)]
  0x000001eee41feb00 JavaThread "Cache worker for cache directory md-rule (C:\Users\LENOVO\.gradle\caches\9.1.0\md-rule)" [_thread_blocked, id=10884, stack(0x0000008185200000,0x0000008185300000)]
  0x000001eee41fff40 JavaThread "Unconstrained build operations" [_thread_blocked, id=8784, stack(0x0000008185300000,0x0000008185400000)]
  0x000001eee4200960 JavaThread "Unconstrained build operations Thread 2" [_thread_blocked, id=312, stack(0x0000008185500000,0x0000008185600000)]
  0x000001eee41fe0e0 JavaThread "Unconstrained build operations Thread 3" [_thread_blocked, id=19304, stack(0x0000008185600000,0x0000008185700000)]
  0x000001eee4201da0 JavaThread "Unconstrained build operations Thread 4" [_thread_blocked, id=4080, stack(0x0000008185700000,0x0000008185800000)]
  0x000001eee42022b0 JavaThread "Unconstrained build operations Thread 5" [_thread_blocked, id=9296, stack(0x0000008185800000,0x0000008185900000)]
  0x000001eee42027c0 JavaThread "Unconstrained build operations Thread 6" [_thread_blocked, id=12520, stack(0x0000008185900000,0x0000008185a00000)]
  0x000001eee333d340 JavaThread "Unconstrained build operations Thread 7" [_thread_blocked, id=16796, stack(0x0000008185a00000,0x0000008185b00000)]
  0x000001eee333b9f0 JavaThread "Unconstrained build operations Thread 8" [_thread_blocked, id=16620, stack(0x0000008185b00000,0x0000008185c00000)]
  0x000001eee57f81e0 JavaThread "Unconstrained build operations Thread 9" [_thread_blocked, id=7192, stack(0x0000008185c00000,0x0000008185d00000)]
  0x000001eee57f5960 JavaThread "Unconstrained build operations Thread 10" [_thread_blocked, id=7292, stack(0x0000008185d00000,0x0000008185e00000)]
  0x000001eee57f86f0 JavaThread "Unconstrained build operations Thread 11" [_thread_blocked, id=3652, stack(0x0000008185e00000,0x0000008185f00000)]
  0x000001eee57f77c0 JavaThread "Unconstrained build operations Thread 12" [_thread_blocked, id=5528, stack(0x0000008185f00000,0x0000008186000000)]
  0x000001eee57f7cd0 JavaThread "Unconstrained build operations Thread 13" [_thread_blocked, id=13588, stack(0x0000008186000000,0x0000008186100000)]
  0x000001eee57f4f40 JavaThread "Unconstrained build operations Thread 14" [_thread_blocked, id=6488, stack(0x0000008186100000,0x0000008186200000)]
  0x000001eee57f5e70 JavaThread "Unconstrained build operations Thread 15" [_thread_blocked, id=3152, stack(0x0000008186200000,0x0000008186300000)]
  0x000001eee57f5450 JavaThread "Unconstrained build operations Thread 16" [_thread_blocked, id=15900, stack(0x0000008186300000,0x0000008186400000)]
  0x000001eee57f9110 JavaThread "Unconstrained build operations Thread 17" [_thread_blocked, id=16428, stack(0x0000008186400000,0x0000008186500000)]
  0x000001eee57f6890 JavaThread "Unconstrained build operations Thread 18" [_thread_blocked, id=6184, stack(0x0000008186500000,0x0000008186600000)]
  0x000001eee57f8c00 JavaThread "Unconstrained build operations Thread 19" [_thread_blocked, id=2460, stack(0x0000008186600000,0x0000008186700000)]
  0x000001eee57f9620 JavaThread "Unconstrained build operations Thread 20" [_thread_blocked, id=9960, stack(0x0000008186700000,0x0000008186800000)]
  0x000001eee57f6da0 JavaThread "Unconstrained build operations Thread 21" [_thread_blocked, id=9804, stack(0x0000008186800000,0x0000008186900000)]
  0x000001eee57f6380 JavaThread "Problems report writer" [_thread_blocked, id=5524, stack(0x0000008186900000,0x0000008186a00000)]
  0x000001eee57fa040 JavaThread "Memory manager" [_thread_blocked, id=6156, stack(0x0000008183500000,0x0000008183600000)]
  0x000001eee57faf70 JavaThread "build event listener" [_thread_blocked, id=9860, stack(0x0000008186b00000,0x0000008186c00000)]
  0x000001eee57fbea0 JavaThread "build event listener" [_thread_blocked, id=12912, stack(0x0000008186c00000,0x0000008186d00000)]

Other Threads:
  0x000001ee9b03bc10 VMThread "VM Thread" [stack: 0x0000008182800000,0x0000008182900000] [id=11816]
  0x000001ee9b906f50 WatcherThread [stack: 0x0000008183400000,0x0000008183500000] [id=18448]
  0x000001eef842dcc0 GCTaskThread "GC Thread#0" [stack: 0x0000008182300000,0x0000008182400000] [id=19372]
  0x000001eee1420700 GCTaskThread "GC Thread#1" [stack: 0x0000008183700000,0x0000008183800000] [id=11740]
  0x000001eee1060810 GCTaskThread "GC Thread#2" [stack: 0x0000008183800000,0x0000008183900000] [id=11556]
  0x000001eee2fc5080 GCTaskThread "GC Thread#3" [stack: 0x0000008183900000,0x0000008183a00000] [id=8596]
  0x000001eee3060520 GCTaskThread "GC Thread#4" [stack: 0x0000008183a00000,0x0000008183b00000] [id=9064]
  0x000001eee3b29c00 GCTaskThread "GC Thread#5" [stack: 0x0000008184700000,0x0000008184800000] [id=2820]
  0x000001eee3b28340 GCTaskThread "GC Thread#6" [stack: 0x0000008184800000,0x0000008184900000] [id=10220]
  0x000001eee3b28080 GCTaskThread "GC Thread#7" [stack: 0x0000008184900000,0x0000008184a00000] [id=5912]
  0x000001eef843ec80 ConcurrentGCThread "G1 Main Marker" [stack: 0x0000008182400000,0x0000008182500000] [id=6460]
  0x000001eef8440130 ConcurrentGCThread "G1 Conc#0" [stack: 0x0000008182500000,0x0000008182600000] [id=11332]
  0x000001eee3b28e40 ConcurrentGCThread "G1 Conc#1" [stack: 0x0000008184a00000,0x0000008184b00000] [id=6476]
  0x000001ee9aef5660 ConcurrentGCThread "G1 Refine#0" [stack: 0x0000008182600000,0x0000008182700000] [id=6516]
  0x000001eee4eefcd0 ConcurrentGCThread "G1 Refine#1" [stack: 0x0000008185400000,0x0000008185500000] [id=15500]
  0x000001ee9aef5a50 ConcurrentGCThread "G1 Service" [stack: 0x0000008182700000,0x0000008182800000] [id=2920]

Threads with active compile tasks:

VM state: not at safepoint (normal execution)

VM Mutex/Monitor currently owned by a thread:  ([mutex/lock_event])
[0x000001eef83b9b50] Metaspace_lock - owner thread: 0x000001eee333c920

Heap address: 0x0000000700000000, size: 4096 MB, Compressed Oops mode: Zero based, Oop shift amount: 3

CDS archive(s) mapped at: [0x000001ee9c000000-0x000001ee9cbb0000-0x000001ee9cbb0000), size 12255232, SharedBaseAddress: 0x000001ee9c000000, ArchiveRelocationMode: 1.
Compressed class space mapped at: 0x000001ee9d000000-0x000001eedd000000, reserved size: 1073741824
Narrow klass base: 0x000001ee9c000000, Narrow klass shift: 0, Narrow klass range: 0x100000000

GC Precious Log:
 CPUs: 8 total, 8 available
 Memory: 7544M
 Large Page Support: Disabled
 NUMA Support: Disabled
 Compressed Oops: Enabled (Zero based)
 Heap Region Size: 2M
 Heap Min Capacity: 8M
 Heap Initial Capacity: 118M
 Heap Max Capacity: 4G
 Pre-touch: Disabled
 Parallel Workers: 8
 Concurrent Workers: 2
 Concurrent Refinement Workers: 8
 Periodic GC: Disabled

Heap:
 garbage-first heap   total 153600K, used 98239K [0x0000000700000000, 0x0000000800000000)
  region size 2048K, 8 young (16384K), 3 survivors (6144K)
 Metaspace       used 81315K, committed 82048K, reserved 1179648K
  class space    used 11367K, committed 11776K, reserved 1048576K

Heap Regions: E=young(eden), S=young(survivor), O=old, HS=humongous(starts), HC=humongous(continues), CS=collection set, F=free, OA=open archive, CA=closed archive, TAMS=top-at-mark-start (previous, next)
|   0|0x0000000700000000, 0x0000000700200000, 0x0000000700200000|100%|HS|  |TAMS 0x0000000700200000, 0x0000000700000000| Complete 
|   1|0x0000000700200000, 0x0000000700400000, 0x0000000700400000|100%|HC|  |TAMS 0x0000000700400000, 0x0000000700200000| Complete 
|   2|0x0000000700400000, 0x0000000700600000, 0x0000000700600000|100%| O|  |TAMS 0x0000000700600000, 0x0000000700400000| Untracked 
|   3|0x0000000700600000, 0x0000000700800000, 0x0000000700800000|100%| O|  |TAMS 0x0000000700800000, 0x0000000700600000| Untracked 
|   4|0x0000000700800000, 0x0000000700a00000, 0x0000000700a00000|100%| O|  |TAMS 0x0000000700a00000, 0x0000000700800000| Untracked 
|   5|0x0000000700a00000, 0x0000000700c00000, 0x0000000700c00000|100%| O|  |TAMS 0x0000000700c00000, 0x0000000700a00000| Untracked 
|   6|0x0000000700c00000, 0x0000000700e00000, 0x0000000700e00000|100%| O|  |TAMS 0x0000000700e00000, 0x0000000700c00000| Untracked 
|   7|0x0000000700e00000, 0x0000000700fc8800, 0x0000000701000000| 89%| O|  |TAMS 0x0000000700fc8800, 0x0000000700e00000| Untracked 
|   8|0x0000000701000000, 0x0000000701200000, 0x0000000701200000|100%| O|  |TAMS 0x0000000701200000, 0x0000000701000000| Untracked 
|   9|0x0000000701200000, 0x0000000701400000, 0x0000000701400000|100%| O|  |TAMS 0x0000000701400000, 0x0000000701200000| Untracked 
|  10|0x0000000701400000, 0x0000000701600000, 0x0000000701600000|100%| O|  |TAMS 0x0000000701600000, 0x0000000701400000| Untracked 
|  11|0x0000000701600000, 0x0000000701800000, 0x0000000701800000|100%| O|  |TAMS 0x0000000701800000, 0x0000000701600000| Untracked 
|  12|0x0000000701800000, 0x0000000701a00000, 0x0000000701a00000|100%| O|  |TAMS 0x0000000701a00000, 0x0000000701800000| Untracked 
|  13|0x0000000701a00000, 0x0000000701c00000, 0x0000000701c00000|100%| O|  |TAMS 0x0000000701c00000, 0x0000000701a00000| Untracked 
|  14|0x0000000701c00000, 0x0000000701e00000, 0x0000000701e00000|100%| O|  |TAMS 0x0000000701e00000, 0x0000000701c00000| Untracked 
|  15|0x0000000701e00000, 0x0000000702000000, 0x0000000702000000|100%| O|  |TAMS 0x0000000702000000, 0x0000000701e00000| Untracked 
|  16|0x0000000702000000, 0x0000000702200000, 0x0000000702200000|100%| O|  |TAMS 0x0000000702000000, 0x0000000702000000| Untracked 
|  17|0x0000000702200000, 0x0000000702400000, 0x0000000702400000|100%| O|  |TAMS 0x0000000702400000, 0x0000000702200000| Untracked 
|  18|0x0000000702400000, 0x0000000702600000, 0x0000000702600000|100%| O|  |TAMS 0x0000000702600000, 0x0000000702400000| Untracked 
|  19|0x0000000702600000, 0x0000000702800000, 0x0000000702800000|100%| O|  |TAMS 0x0000000702800000, 0x0000000702600000| Untracked 
|  20|0x0000000702800000, 0x0000000702a00000, 0x0000000702a00000|100%| O|  |TAMS 0x0000000702a00000, 0x0000000702800000| Untracked 
|  21|0x0000000702a00000, 0x0000000702c00000, 0x0000000702c00000|100%| O|  |TAMS 0x0000000702c00000, 0x0000000702a00000| Untracked 
|  22|0x0000000702c00000, 0x0000000702e00000, 0x0000000702e00000|100%| O|  |TAMS 0x0000000702e00000, 0x0000000702c00000| Untracked 
|  23|0x0000000702e00000, 0x0000000703000000, 0x0000000703000000|100%| O|  |TAMS 0x0000000703000000, 0x0000000702e00000| Untracked 
|  24|0x0000000703000000, 0x0000000703200000, 0x0000000703200000|100%| O|  |TAMS 0x0000000703200000, 0x0000000703000000| Untracked 
|  25|0x0000000703200000, 0x0000000703400000, 0x0000000703400000|100%|HS|  |TAMS 0x0000000703400000, 0x0000000703200000| Complete 
|  26|0x0000000703400000, 0x0000000703600000, 0x0000000703600000|100%|HS|  |TAMS 0x0000000703600000, 0x0000000703400000| Complete 
|  27|0x0000000703600000, 0x0000000703800000, 0x0000000703800000|100%| O|  |TAMS 0x0000000703800000, 0x0000000703600000| Untracked 
|  28|0x0000000703800000, 0x0000000703a00000, 0x0000000703a00000|100%| O|  |TAMS 0x0000000703a00000, 0x0000000703800000| Untracked 
|  29|0x0000000703a00000, 0x0000000703c00000, 0x0000000703c00000|100%| O|  |TAMS 0x0000000703c00000, 0x0000000703a00000| Untracked 
|  30|0x0000000703c00000, 0x0000000703e00000, 0x0000000703e00000|100%| O|  |TAMS 0x0000000703e00000, 0x0000000703c00000| Untracked 
|  31|0x0000000703e00000, 0x0000000704000000, 0x0000000704000000|100%| O|  |TAMS 0x0000000704000000, 0x0000000703e00000| Untracked 
|  32|0x0000000704000000, 0x0000000704200000, 0x0000000704200000|100%| O|  |TAMS 0x0000000704000000, 0x0000000704000000| Untracked 
|  33|0x0000000704200000, 0x0000000704400000, 0x0000000704400000|100%| O|  |TAMS 0x0000000704400000, 0x0000000704200000| Untracked 
|  34|0x0000000704400000, 0x0000000704600000, 0x0000000704600000|100%| O|  |TAMS 0x0000000704600000, 0x0000000704400000| Untracked 
|  35|0x0000000704600000, 0x0000000704800000, 0x0000000704800000|100%| O|  |TAMS 0x0000000704800000, 0x0000000704600000| Untracked 
|  36|0x0000000704800000, 0x0000000704a00000, 0x0000000704a00000|100%| O|  |TAMS 0x0000000704a00000, 0x0000000704800000| Untracked 
|  37|0x0000000704a00000, 0x0000000704c00000, 0x0000000704c00000|100%| O|  |TAMS 0x0000000704c00000, 0x0000000704a00000| Untracked 
|  38|0x0000000704c00000, 0x0000000704e00000, 0x0000000704e00000|100%| O|  |TAMS 0x0000000704ce6800, 0x0000000704c00000| Untracked 
|  39|0x0000000704e00000, 0x0000000705000000, 0x0000000705000000|100%| O|  |TAMS 0x0000000704e00000, 0x0000000704e00000| Untracked 
|  40|0x0000000705000000, 0x0000000705200000, 0x0000000705200000|100%| O|  |TAMS 0x0000000705000000, 0x0000000705000000| Untracked 
|  41|0x0000000705200000, 0x0000000705400000, 0x0000000705400000|100%| O|  |TAMS 0x0000000705200000, 0x0000000705200000| Untracked 
|  42|0x0000000705400000, 0x00000007055ac400, 0x0000000705600000| 83%| O|  |TAMS 0x0000000705400000, 0x0000000705400000| Untracked 
|  43|0x0000000705600000, 0x0000000705600000, 0x0000000705800000|  0%| F|  |TAMS 0x0000000705600000, 0x0000000705600000| Untracked 
|  44|0x0000000705800000, 0x0000000705800000, 0x0000000705a00000|  0%| F|  |TAMS 0x0000000705800000, 0x0000000705800000| Untracked 
|  45|0x0000000705a00000, 0x0000000705a00000, 0x0000000705c00000|  0%| F|  |TAMS 0x0000000705a00000, 0x0000000705a00000| Untracked 
|  46|0x0000000705c00000, 0x0000000705c00000, 0x0000000705e00000|  0%| F|  |TAMS 0x0000000705c00000, 0x0000000705c00000| Untracked 
|  47|0x0000000705e00000, 0x0000000705e00000, 0x0000000706000000|  0%| F|  |TAMS 0x0000000705e00000, 0x0000000705e00000| Untracked 
|  48|0x0000000706000000, 0x0000000706000000, 0x0000000706200000|  0%| F|  |TAMS 0x0000000706000000, 0x0000000706000000| Untracked 
|  49|0x0000000706200000, 0x0000000706200000, 0x0000000706400000|  0%| F|  |TAMS 0x0000000706200000, 0x0000000706200000| Untracked 
|  50|0x0000000706400000, 0x0000000706400000, 0x0000000706600000|  0%| F|  |TAMS 0x0000000706400000, 0x0000000706400000| Untracked 
|  51|0x0000000706600000, 0x0000000706600000, 0x0000000706800000|  0%| F|  |TAMS 0x0000000706600000, 0x0000000706600000| Untracked 
|  52|0x0000000706800000, 0x000000070687b0e8, 0x0000000706a00000| 24%| S|CS|TAMS 0x0000000706800000, 0x0000000706800000| Complete 
|  53|0x0000000706a00000, 0x0000000706c00000, 0x0000000706c00000|100%| S|CS|TAMS 0x0000000706a00000, 0x0000000706a00000| Complete 
|  54|0x0000000706c00000, 0x0000000706c00000, 0x0000000706e00000|  0%| F|  |TAMS 0x0000000706c00000, 0x0000000706c00000| Untracked 
|  55|0x0000000706e00000, 0x0000000706e00000, 0x0000000707000000|  0%| F|  |TAMS 0x0000000706e00000, 0x0000000706e00000| Untracked 
|  56|0x0000000707000000, 0x0000000707200000, 0x0000000707200000|100%| S|CS|TAMS 0x0000000707000000, 0x0000000707000000| Complete 
|  57|0x0000000707200000, 0x0000000707200000, 0x0000000707400000|  0%| F|  |TAMS 0x0000000707200000, 0x0000000707200000| Untracked 
|  58|0x0000000707400000, 0x0000000707400000, 0x0000000707600000|  0%| F|  |TAMS 0x0000000707400000, 0x0000000707400000| Untracked 
|  59|0x0000000707600000, 0x0000000707600000, 0x0000000707800000|  0%| F|  |TAMS 0x0000000707600000, 0x0000000707600000| Untracked 
|  60|0x0000000707800000, 0x0000000707800000, 0x0000000707a00000|  0%| F|  |TAMS 0x0000000707800000, 0x0000000707800000| Untracked 
|  61|0x0000000707a00000, 0x0000000707a00000, 0x0000000707c00000|  0%| F|  |TAMS 0x0000000707a00000, 0x0000000707a00000| Untracked 
|  62|0x0000000707c00000, 0x0000000707c00000, 0x0000000707e00000|  0%| F|  |TAMS 0x0000000707c00000, 0x0000000707c00000| Untracked 
|  63|0x0000000707e00000, 0x0000000707e00000, 0x0000000708000000|  0%| F|  |TAMS 0x0000000707e00000, 0x0000000707e00000| Untracked 
|  64|0x0000000708000000, 0x0000000708000000, 0x0000000708200000|  0%| F|  |TAMS 0x0000000708000000, 0x0000000708000000| Untracked 
|  65|0x0000000708200000, 0x0000000708200000, 0x0000000708400000|  0%| F|  |TAMS 0x0000000708200000, 0x0000000708200000| Untracked 
|  66|0x0000000708400000, 0x0000000708400000, 0x0000000708600000|  0%| F|  |TAMS 0x0000000708400000, 0x0000000708400000| Untracked 
|  67|0x0000000708600000, 0x0000000708600000, 0x0000000708800000|  0%| F|  |TAMS 0x0000000708600000, 0x0000000708600000| Untracked 
|  68|0x0000000708800000, 0x0000000708800000, 0x0000000708a00000|  0%| F|  |TAMS 0x0000000708800000, 0x0000000708800000| Untracked 
|  69|0x0000000708a00000, 0x0000000708a00000, 0x0000000708c00000|  0%| F|  |TAMS 0x0000000708a00000, 0x0000000708a00000| Untracked 
|  70|0x0000000708c00000, 0x0000000708cac7f8, 0x0000000708e00000| 33%| E|  |TAMS 0x0000000708c00000, 0x0000000708c00000| Complete 
|  71|0x0000000708e00000, 0x0000000709000000, 0x0000000709000000|100%| E|CS|TAMS 0x0000000708e00000, 0x0000000708e00000| Complete 
|  72|0x0000000709000000, 0x0000000709200000, 0x0000000709200000|100%| E|  |TAMS 0x0000000709000000, 0x0000000709000000| Complete 
|  73|0x0000000709200000, 0x0000000709400000, 0x0000000709400000|100%| E|CS|TAMS 0x0000000709200000, 0x0000000709200000| Complete 
|  74|0x0000000709400000, 0x0000000709600000, 0x0000000709600000|100%| E|CS|TAMS 0x0000000709400000, 0x0000000709400000| Complete 

Card table byte_map: [0x000001ee8fb40000,0x000001ee90340000] _byte_map_base: 0x000001ee8c340000

Marking Bits (Prev, Next): (CMBitMap*) 0x000001eef842e1f0, (CMBitMap*) 0x000001eef842e230
 Prev Bits: [0x000001ee90b40000, 0x000001ee94b40000)
 Next Bits: [0x000001ee94b40000, 0x000001ee98b40000)

Polling page: 0x000001eef6270000

Metaspace:

Usage:
  Non-class:     68.31 MB used.
      Class:     11.10 MB used.
       Both:     79.41 MB used.

Virtual space:
  Non-class space:      128.00 MB reserved,      68.62 MB ( 54%) committed,  2 nodes.
      Class space:        1.00 GB reserved,      11.50 MB (  1%) committed,  1 nodes.
             Both:        1.12 GB reserved,      80.12 MB (  7%) committed. 

Chunk freelists:
   Non-Class:  10.42 MB
       Class:  4.36 MB
        Both:  14.78 MB

MaxMetaspaceSize: unlimited
CompressedClassSpaceSize: 1.00 GB
Initial GC threshold: 21.00 MB
Current GC threshold: 103.44 MB
CDS: on
MetaspaceReclaimPolicy: balanced
 - commit_granule_bytes: 65536.
 - commit_granule_words: 8192.
 - virtual_space_node_default_size: 8388608.
 - enlarge_chunks_in_place: 1.
 - new_chunks_are_fully_committed: 0.
 - uncommit_free_chunks: 1.
 - use_allocation_guard: 0.
 - handle_deallocations: 1.


Internal statistics:

num_allocs_failed_limit: 6.
num_arena_births: 1036.
num_arena_deaths: 0.
num_vsnodes_births: 3.
num_vsnodes_deaths: 0.
num_space_committed: 1282.
num_space_uncommitted: 0.
num_chunks_returned_to_freelist: 6.
num_chunks_taken_from_freelist: 4444.
num_chunk_merges: 6.
num_chunk_splits: 2982.
num_chunks_enlarged: 2033.
num_inconsistent_stats: 0.

CodeHeap 'non-profiled nmethods': size=120000Kb used=6011Kb max_used=6011Kb free=113988Kb
 bounds [0x000001ee87ad0000, 0x000001ee880b0000, 0x000001ee8f000000]
CodeHeap 'profiled nmethods': size=120000Kb used=18767Kb max_used=18767Kb free=101232Kb
 bounds [0x000001ee80000000, 0x000001ee81260000, 0x000001ee87530000]
CodeHeap 'non-nmethods': size=5760Kb used=1721Kb max_used=1778Kb free=4038Kb
 bounds [0x000001ee87530000, 0x000001ee877a0000, 0x000001ee87ad0000]
 total_blobs=10425 nmethods=9612 adapters=724
 compilation: enabled
              stopped_count=0, restarted_count=0
 full_count=0

Compilation events (20 events):
Event: 22.973 Thread 0x000001ee9b702090 10348   !   4       java.nio.DirectIntBufferU::get (34 bytes)
Event: 22.974 Thread 0x000001ee9b702090 nmethod 10348 0x000001ee880ae890 code [0x000001ee880aea20, 0x000001ee880aeaf8]
Event: 22.976 Thread 0x000001ee9b70dac0 10349       3       org.gradle.api.internal.project.DefaultProject_Decorated::getPluginManager (32 bytes)
Event: 22.976 Thread 0x000001ee9b70dac0 nmethod 10349 0x000001ee81251290 code [0x000001ee81251480, 0x000001ee81251b18]
Event: 22.977 Thread 0x000001ee9b70dac0 10350       3       org.gradle.api.internal.DefaultDomainObjectCollection::iterator (18 bytes)
Event: 22.977 Thread 0x000001ee9b70dac0 nmethod 10350 0x000001ee80182b90 code [0x000001ee80182d60, 0x000001ee80183128]
Event: 22.977 Thread 0x000001ee9b70dac0 10352       3       org.gradle.api.internal.artifacts.dependencies.AbstractExternalModuleDependency::getGroup (10 bytes)
Event: 22.977 Thread 0x000001ee9b70dac0 nmethod 10352 0x000001ee81251d10 code [0x000001ee81251ec0, 0x000001ee81252038]
Event: 22.977 Thread 0x000001ee9b70dac0 10351       1       org.gradle.api.internal.artifacts.configurations.DefaultConfiguration::getDependencies (5 bytes)
Event: 22.977 Thread 0x000001ee9b70dac0 nmethod 10351 0x000001ee880aec10 code [0x000001ee880aeda0, 0x000001ee880aee78]
Event: 22.978 Thread 0x000001ee9b70dac0 10353       3       org.gradle.api.internal.project.DefaultProject::getTasks (9 bytes)
Event: 22.979 Thread 0x000001ee9b70dac0 nmethod 10353 0x000001ee81252110 code [0x000001ee812522e0, 0x000001ee812525e8]
Event: 22.979 Thread 0x000001ee9b70dac0 10354       3       org.gradle.api.internal.project.DefaultProject::getTasks (5 bytes)
Event: 22.979 Thread 0x000001ee9b70dac0 nmethod 10354 0x000001ee81252790 code [0x000001ee81252960, 0x000001ee81252d68]
Event: 22.979 Thread 0x000001ee9b70dac0 10355       3       org.gradle.api.internal.DefaultNamedDomainObjectCollection::named (24 bytes)
Event: 22.979 Thread 0x000001ee9b70dac0 nmethod 10355 0x000001ee81252f10 code [0x000001ee81253100, 0x000001ee81253618]
Event: 22.990 Thread 0x000001ee9b70dac0 10356       3       org.gradle.api.internal.provider.AbstractProperty::setConvention (24 bytes)
Event: 22.990 Thread 0x000001ee9b70dac0 nmethod 10356 0x000001ee81253790 code [0x000001ee81253980, 0x000001ee81253f68]
Event: 22.990 Thread 0x000001ee9b70dac0 10357       3       org.gradle.api.internal.provider.ValueState$NonFinalizedValue::applyConvention (20 bytes)
Event: 22.991 Thread 0x000001ee9b70dac0 nmethod 10357 0x000001ee808a5490 code [0x000001ee808a5660, 0x000001ee808a5968]

GC Heap History (20 events):
Event: 18.321 GC heap before
{Heap before GC invocations=28 (full 0):
 garbage-first heap   total 153600K, used 119188K [0x0000000700000000, 0x0000000800000000)
  region size 2048K, 25 young (51200K), 1 survivors (2048K)
 Metaspace       used 59272K, committed 59904K, reserved 1114112K
  class space    used 8168K, committed 8448K, reserved 1048576K
}
Event: 18.327 GC heap after
{Heap after GC invocations=29 (full 0):
 garbage-first heap   total 153600K, used 77471K [0x0000000700000000, 0x0000000800000000)
  region size 2048K, 4 young (8192K), 4 survivors (8192K)
 Metaspace       used 59272K, committed 59904K, reserved 1114112K
  class space    used 8168K, committed 8448K, reserved 1048576K
}
Event: 18.345 GC heap before
{Heap before GC invocations=29 (full 0):
 garbage-first heap   total 153600K, used 79519K [0x0000000700000000, 0x0000000800000000)
  region size 2048K, 5 young (10240K), 4 survivors (8192K)
 Metaspace       used 59401K, committed 60032K, reserved 1114112K
  class space    used 8193K, committed 8512K, reserved 1048576K
}
Event: 18.350 GC heap after
{Heap after GC invocations=30 (full 0):
 garbage-first heap   total 153600K, used 77367K [0x0000000700000000, 0x0000000800000000)
  region size 2048K, 1 young (2048K), 1 survivors (2048K)
 Metaspace       used 59401K, committed 60032K, reserved 1114112K
  class space    used 8193K, committed 8512K, reserved 1048576K
}
Event: 18.959 GC heap before
{Heap before GC invocations=30 (full 0):
 garbage-first heap   total 153600K, used 120375K [0x0000000700000000, 0x0000000800000000)
  region size 2048K, 22 young (45056K), 1 survivors (2048K)
 Metaspace       used 62697K, committed 63360K, reserved 1114112K
  class space    used 8623K, committed 8960K, reserved 1048576K
}
Event: 18.962 GC heap after
{Heap after GC invocations=31 (full 0):
 garbage-first heap   total 153600K, used 78614K [0x0000000700000000, 0x0000000800000000)
  region size 2048K, 2 young (4096K), 2 survivors (4096K)
 Metaspace       used 62697K, committed 63360K, reserved 1114112K
  class space    used 8623K, committed 8960K, reserved 1048576K
}
Event: 19.741 GC heap before
{Heap before GC invocations=32 (full 0):
 garbage-first heap   total 153600K, used 121622K [0x0000000700000000, 0x0000000800000000)
  region size 2048K, 23 young (47104K), 2 survivors (4096K)
 Metaspace       used 66973K, committed 67648K, reserved 1114112K
  class space    used 9214K, committed 9536K, reserved 1048576K
}
Event: 19.746 GC heap after
{Heap after GC invocations=33 (full 0):
 garbage-first heap   total 153600K, used 81651K [0x0000000700000000, 0x0000000800000000)
  region size 2048K, 3 young (6144K), 3 survivors (6144K)
 Metaspace       used 66973K, committed 67648K, reserved 1114112K
  class space    used 9214K, committed 9536K, reserved 1048576K
}
Event: 19.782 GC heap before
{Heap before GC invocations=33 (full 0):
 garbage-first heap   total 153600K, used 83699K [0x0000000700000000, 0x0000000800000000)
  region size 2048K, 4 young (8192K), 3 survivors (6144K)
 Metaspace       used 67121K, committed 67776K, reserved 1114112K
  class space    used 9234K, committed 9536K, reserved 1048576K
}
Event: 19.788 GC heap after
{Heap after GC invocations=34 (full 0):
 garbage-first heap   total 153600K, used 81406K [0x0000000700000000, 0x0000000800000000)
  region size 2048K, 1 young (2048K), 1 survivors (2048K)
 Metaspace       used 67121K, committed 67776K, reserved 1114112K
  class space    used 9234K, committed 9536K, reserved 1048576K
}
Event: 20.390 GC heap before
{Heap before GC invocations=34 (full 0):
 garbage-first heap   total 153600K, used 122366K [0x0000000700000000, 0x0000000800000000)
  region size 2048K, 21 young (43008K), 1 survivors (2048K)
 Metaspace       used 69945K, committed 70592K, reserved 1114112K
  class space    used 9656K, committed 9984K, reserved 1048576K
}
Event: 20.393 GC heap after
{Heap after GC invocations=35 (full 0):
 garbage-first heap   total 153600K, used 82249K [0x0000000700000000, 0x0000000800000000)
  region size 2048K, 1 young (2048K), 1 survivors (2048K)
 Metaspace       used 69945K, committed 70592K, reserved 1114112K
  class space    used 9656K, committed 9984K, reserved 1048576K
}
Event: 21.018 GC heap before
{Heap before GC invocations=35 (full 0):
 garbage-first heap   total 153600K, used 125257K [0x0000000700000000, 0x0000000800000000)
  region size 2048K, 22 young (45056K), 1 survivors (2048K)
 Metaspace       used 72183K, committed 72832K, reserved 1114112K
  class space    used 9935K, committed 10240K, reserved 1048576K
}
Event: 21.023 GC heap after
{Heap after GC invocations=36 (full 0):
 garbage-first heap   total 153600K, used 87434K [0x0000000700000000, 0x0000000800000000)
  region size 2048K, 3 young (6144K), 3 survivors (6144K)
 Metaspace       used 72183K, committed 72832K, reserved 1114112K
  class space    used 9935K, committed 10240K, reserved 1048576K
}
Event: 21.552 GC heap before
{Heap before GC invocations=36 (full 0):
 garbage-first heap   total 153600K, used 122250K [0x0000000700000000, 0x0000000800000000)
  region size 2048K, 21 young (43008K), 3 survivors (6144K)
 Metaspace       used 74978K, committed 75776K, reserved 1179648K
  class space    used 10358K, committed 10752K, reserved 1048576K
}
Event: 21.558 GC heap after
{Heap after GC invocations=37 (full 0):
 garbage-first heap   total 153600K, used 89244K [0x0000000700000000, 0x0000000800000000)
  region size 2048K, 1 young (2048K), 1 survivors (2048K)
 Metaspace       used 74978K, committed 75776K, reserved 1179648K
  class space    used 10358K, committed 10752K, reserved 1048576K
}
Event: 22.250 GC heap before
{Heap before GC invocations=37 (full 0):
 garbage-first heap   total 153600K, used 126108K [0x0000000700000000, 0x0000000800000000)
  region size 2048K, 19 young (38912K), 1 survivors (2048K)
 Metaspace       used 78059K, committed 78784K, reserved 1179648K
  class space    used 10910K, committed 11264K, reserved 1048576K
}
Event: 22.253 GC heap after
{Heap after GC invocations=38 (full 0):
 garbage-first heap   total 153600K, used 90428K [0x0000000700000000, 0x0000000800000000)
  region size 2048K, 2 young (4096K), 2 survivors (4096K)
 Metaspace       used 78059K, committed 78784K, reserved 1179648K
  class space    used 10910K, committed 11264K, reserved 1048576K
}
Event: 22.858 GC heap before
{Heap before GC invocations=38 (full 0):
 garbage-first heap   total 153600K, used 127292K [0x0000000700000000, 0x0000000800000000)
  region size 2048K, 20 young (40960K), 2 survivors (4096K)
 Metaspace       used 80601K, committed 81344K, reserved 1179648K
  class space    used 11269K, committed 11648K, reserved 1048576K
}
Event: 22.862 GC heap after
{Heap after GC invocations=39 (full 0):
 garbage-first heap   total 153600K, used 92095K [0x0000000700000000, 0x0000000800000000)
  region size 2048K, 3 young (6144K), 3 survivors (6144K)
 Metaspace       used 80601K, committed 81344K, reserved 1179648K
  class space    used 11269K, committed 11648K, reserved 1048576K
}

Dll operation events (15 events):
Event: 0.014 Loaded shared library C:\Program Files\Eclipse Adoptium\jdk-17.0.18.8-hotspot\bin\java.dll
Event: 0.039 Loaded shared library C:\Program Files\Eclipse Adoptium\jdk-17.0.18.8-hotspot\bin\jsvml.dll
Event: 0.113 Loaded shared library C:\Program Files\Eclipse Adoptium\jdk-17.0.18.8-hotspot\bin\zip.dll
Event: 0.117 Loaded shared library C:\Program Files\Eclipse Adoptium\jdk-17.0.18.8-hotspot\bin\instrument.dll
Event: 0.124 Loaded shared library C:\Program Files\Eclipse Adoptium\jdk-17.0.18.8-hotspot\bin\net.dll
Event: 0.126 Loaded shared library C:\Program Files\Eclipse Adoptium\jdk-17.0.18.8-hotspot\bin\nio.dll
Event: 0.130 Loaded shared library C:\Program Files\Eclipse Adoptium\jdk-17.0.18.8-hotspot\bin\zip.dll
Event: 0.693 Loaded shared library C:\Program Files\Eclipse Adoptium\jdk-17.0.18.8-hotspot\bin\jimage.dll
Event: 1.205 Loaded shared library C:\Program Files\Eclipse Adoptium\jdk-17.0.18.8-hotspot\bin\verify.dll
Event: 1.263 Loaded shared library C:\Users\LENOVO\.gradle\native\1def1411415f61bf3af743bc5b6707747c0891f09f0c88961ee8f79bc544acac\windows-amd64\native-platform.dll
Event: 1.288 Loaded shared library C:\Users\LENOVO\.gradle\native\0.2.8\x86_64-windows-gnu\gradle-fileevents.dll
Event: 2.969 Loaded shared library C:\Program Files\Eclipse Adoptium\jdk-17.0.18.8-hotspot\bin\management.dll
Event: 2.972 Loaded shared library C:\Program Files\Eclipse Adoptium\jdk-17.0.18.8-hotspot\bin\management_ext.dll
Event: 3.253 Loaded shared library C:\Program Files\Eclipse Adoptium\jdk-17.0.18.8-hotspot\bin\extnet.dll
Event: 3.538 Loaded shared library C:\Program Files\Eclipse Adoptium\jdk-17.0.18.8-hotspot\bin\sunmscapi.dll

Deoptimization events (20 events):
Event: 22.158 Thread 0x000001eee333c920 DEOPT PACKING pc=0x000001ee801c3571 sp=0x00000081840f77b0
Event: 22.158 Thread 0x000001eee333c920 DEOPT UNPACKING pc=0x000001ee87587143 sp=0x00000081840f6ca8 mode 0
Event: 22.220 Thread 0x000001eee333c920 DEOPT PACKING pc=0x000001ee8110a7e4 sp=0x00000081840f79a0
Event: 22.220 Thread 0x000001eee333c920 DEOPT UNPACKING pc=0x000001ee87587143 sp=0x00000081840f6eb8 mode 0
Event: 22.240 Thread 0x000001eee333c920 Uncommon trap: trap_request=0xffffff45 fr.pc=0x000001ee87aed000 relative=0x0000000000000260
Event: 22.240 Thread 0x000001eee333c920 Uncommon trap: reason=unstable_if action=reinterpret pc=0x000001ee87aed000 method=java.lang.String.getChars(II[CI)V @ 23 c2
Event: 22.240 Thread 0x000001eee333c920 DEOPT PACKING pc=0x000001ee87aed000 sp=0x00000081840f7d00
Event: 22.240 Thread 0x000001eee333c920 DEOPT UNPACKING pc=0x000001ee875869a3 sp=0x00000081840f7c98 mode 2
Event: 22.425 Thread 0x000001eee333c920 Uncommon trap: trap_request=0xffffff45 fr.pc=0x000001ee87db66b8 relative=0x0000000000000118
Event: 22.425 Thread 0x000001eee333c920 Uncommon trap: reason=unstable_if action=reinterpret pc=0x000001ee87db66b8 method=org.objectweb.asm.ByteVector.putInt(I)Lorg/objectweb/asm/ByteVector; @ 13 c2
Event: 22.425 Thread 0x000001eee333c920 DEOPT PACKING pc=0x000001ee87db66b8 sp=0x00000081840f7bb0
Event: 22.425 Thread 0x000001eee333c920 DEOPT UNPACKING pc=0x000001ee875869a3 sp=0x00000081840f7b38 mode 2
Event: 22.743 Thread 0x000001eee333c920 DEOPT PACKING pc=0x000001ee806f734d sp=0x00000081840f8140
Event: 22.743 Thread 0x000001eee333c920 DEOPT UNPACKING pc=0x000001ee87587143 sp=0x00000081840f7630 mode 0
Event: 22.798 Thread 0x000001eee333c920 Uncommon trap: trap_request=0xffffff45 fr.pc=0x000001ee87cfe97c relative=0x000000000000039c
Event: 22.798 Thread 0x000001eee333c920 Uncommon trap: reason=unstable_if action=reinterpret pc=0x000001ee87cfe97c method=java.lang.StringConcatHelper.simpleConcat(Ljava/lang/Object;Ljava/lang/Object;)Ljava/lang/String; @ 30 c2
Event: 22.798 Thread 0x000001eee333c920 DEOPT PACKING pc=0x000001ee87cfe97c sp=0x00000081840f89a0
Event: 22.798 Thread 0x000001eee333c920 DEOPT UNPACKING pc=0x000001ee875869a3 sp=0x00000081840f8948 mode 2
Event: 22.972 Thread 0x000001eee333c920 DEOPT PACKING pc=0x000001ee80356466 sp=0x00000081840f8430
Event: 22.972 Thread 0x000001eee333c920 DEOPT UNPACKING pc=0x000001ee87587143 sp=0x00000081840f78f8 mode 0

Classes loaded (20 events):
Event: 20.207 Loading class com/sun/beans/finder/FinderUtils
Event: 20.207 Loading class com/sun/beans/finder/FinderUtils done
Event: 20.688 Loading class org/xml/sax/Locator
Event: 20.688 Loading class org/xml/sax/Locator done
Event: 20.688 Loading class org/xml/sax/SAXParseException
Event: 20.688 Loading class org/xml/sax/SAXParseException done
Event: 20.689 Loading class org/xml/sax/Attributes
Event: 20.690 Loading class org/xml/sax/Attributes done
Event: 21.217 Loading class java/util/Currency
Event: 21.218 Loading class java/util/Currency done
Event: 21.253 Loading class sun/reflect/generics/repository/FieldRepository
Event: 21.253 Loading class sun/reflect/generics/repository/FieldRepository done
Event: 21.265 Loading class jdk/internal/vm/annotation/ForceInline
Event: 21.265 Loading class jdk/internal/vm/annotation/ForceInline done
Event: 21.329 Loading class java/util/regex/Pattern$Caret
Event: 21.329 Loading class java/util/regex/Pattern$Caret done
Event: 21.400 Loading class java/beans/PropertyChangeListener
Event: 21.400 Loading class java/beans/PropertyChangeListener done
Event: 23.003 Loading class java/lang/AbstractMethodError
Event: 23.004 Loading class java/lang/AbstractMethodError done

Classes unloaded (0 events):
No events

Classes redefined (0 events):
No events

Internal exceptions (20 events):
Event: 20.671 Thread 0x000001eee333c920 Exception <a 'java/lang/ClassNotFoundException'{0x00000007080c02e8}: org/gradle/api/internal/project/DefaultProject_DecoratedBeanInfo> (0x00000007080c02e8) 
thrown [s\src\hotspot\share\classfile\systemDictionary.cpp, line 256]
Event: 20.673 Thread 0x000001eee333c920 Exception <a 'java/lang/ClassNotFoundException'{0x00000007080d5ac0}: org/gradle/api/internal/project/DefaultProjectBeanInfo> (0x00000007080d5ac0) 
thrown [s\src\hotspot\share\classfile\systemDictionary.cpp, line 256]
Event: 20.674 Thread 0x000001eee333c920 Exception <a 'java/lang/ClassNotFoundException'{0x00000007080ebd90}: org/gradle/api/internal/project/AbstractPluginAwareBeanInfo> (0x00000007080ebd90) 
thrown [s\src\hotspot\share\classfile\systemDictionary.cpp, line 256]
Event: 20.675 Thread 0x000001eee333c920 Exception <a 'java/lang/ClassNotFoundException'{0x00000007081015a0}: org/gradle/api/internal/project/AbstractPluginAwareCustomizer> (0x00000007081015a0) 
thrown [s\src\hotspot\share\classfile\systemDictionary.cpp, line 256]
Event: 20.677 Thread 0x000001eee333c920 Exception <a 'java/lang/ClassNotFoundException'{0x000000070811ceb0}: org/gradle/api/internal/project/DefaultProjectCustomizer> (0x000000070811ceb0) 
thrown [s\src\hotspot\share\classfile\systemDictionary.cpp, line 256]
Event: 20.684 Thread 0x000001eee333c920 Exception <a 'java/lang/ClassNotFoundException'{0x00000007081dc030}: org/gradle/api/internal/project/DefaultProject_DecoratedCustomizer> (0x00000007081dc030) 
thrown [s\src\hotspot\share\classfile\systemDictionary.cpp, line 256]
Event: 22.239 Thread 0x000001eee333c920 Exception <a 'java/lang/NoSuchMethodError'{0x000000070731fb00}: 'java.lang.Object java.lang.invoke.Invokers$Holder.invokeExact_MT(java.lang.Object, java.lang.Object, java.lang.Object, int, java.lang.Object, java.lang.Object)'> (0x000000070731fb00) 
thrown [s\src\hotspot\share\interpreter\linkResolver.cpp, line 759]
Event: 22.399 Thread 0x000001eee333c920 Exception <a 'java/lang/NoSuchMethodError'{0x0000000708cc3be0}: 'java.lang.Object java.lang.invoke.DelegatingMethodHandle$Holder.reinvoke_L(java.lang.Object, java.lang.Object, long, int, int, int, int, int, int, java.lang.Object, int, int, int, int, java.lang.Object)'> (0x0000000708cc3be0) 
thrown [s\src\hotspot\share\interpreter\linkResolver.cpp, line 759]
Event: 22.401 Thread 0x000001eee333c920 Exception <a 'java/lang/NoSuchMethodError'{0x0000000708d05368}: 'java.lang.Object java.lang.invoke.DirectMethodHandle$Holder.invokeSpecial(java.lang.Object, java.lang.Object, long, int, int, int, int, int, int, java.lang.Object, int, int, int, int, java.lang.Object)'> (0x0000000708d05368) 
thrown [s\src\hotspot\share\interpreter\linkResolver.cpp, line 759]
Event: 22.402 Thread 0x000001eee333c920 Exception <a 'java/lang/NoSuchMethodError'{0x0000000708d09f50}: 'java.lang.Object java.lang.invoke.DelegatingMethodHandle$Holder.reinvoke_L(java.lang.Object, long, int, int, int, int, int, int, java.lang.Object, int, int, int, int, java.lang.Object)'> (0x0000000708d09f50) 
thrown [s\src\hotspot\share\interpreter\linkResolver.cpp, line 759]
Event: 22.492 Thread 0x000001eee333c920 Exception <a 'java/lang/ClassNotFoundException'{0x000000070878d908}: com/android/build/gradle/internal/api/ApkVariantOutputImpl_DecoratedBeanInfo> (0x000000070878d908) 
thrown [s\src\hotspot\share\classfile\systemDictionary.cpp, line 256]
Event: 22.492 Thread 0x000001eee333c920 Exception <a 'java/lang/ClassNotFoundException'{0x000000070879b078}: com/android/build/gradle/internal/api/ApkVariantOutputImplBeanInfo> (0x000000070879b078) 
thrown [s\src\hotspot\share\classfile\systemDictionary.cpp, line 256]
Event: 22.493 Thread 0x000001eee333c920 Exception <a 'java/lang/ClassNotFoundException'{0x00000007087a87f8}: com/android/build/gradle/internal/api/BaseVariantOutputImplBeanInfo> (0x00000007087a87f8) 
thrown [s\src\hotspot\share\classfile\systemDictionary.cpp, line 256]
Event: 22.493 Thread 0x000001eee333c920 Exception <a 'java/lang/ClassNotFoundException'{0x00000007087b61f8}: com/android/build/gradle/internal/api/BaseVariantOutputImplCustomizer> (0x00000007087b61f8) 
thrown [s\src\hotspot\share\classfile\systemDictionary.cpp, line 256]
Event: 22.495 Thread 0x000001eee333c920 Exception <a 'java/lang/ClassNotFoundException'{0x00000007087d6260}: com/android/build/gradle/internal/api/ApkVariantOutputImplCustomizer> (0x00000007087d6260) 
thrown [s\src\hotspot\share\classfile\systemDictionary.cpp, line 256]
Event: 22.496 Thread 0x000001eee333c920 Exception <a 'java/lang/ClassNotFoundException'{0x00000007087f19f8}: com/android/build/gradle/internal/api/ApkVariantOutputImpl_DecoratedCustomizer> (0x00000007087f19f8) 
thrown [s\src\hotspot\share\classfile\systemDictionary.cpp, line 256]
Event: 22.626 Thread 0x000001eee333c920 Exception <a 'java/lang/ClassNotFoundException'{0x0000000707fa22d0}: com/android/build/gradle/internal/api/ReadOnlyBuildTypeBeanInfo> (0x0000000707fa22d0) 
thrown [s\src\hotspot\share\classfile\systemDictionary.cpp, line 256]
Event: 22.627 Thread 0x000001eee333c920 Exception <a 'java/lang/ClassNotFoundException'{0x0000000707fafc88}: com/android/build/gradle/internal/api/ReadOnlyBaseConfigBeanInfo> (0x0000000707fafc88) 
thrown [s\src\hotspot\share\classfile\systemDictionary.cpp, line 256]
Event: 22.628 Thread 0x000001eee333c920 Exception <a 'java/lang/ClassNotFoundException'{0x0000000707fbd668}: com/android/build/gradle/internal/api/ReadOnlyBaseConfigCustomizer> (0x0000000707fbd668) 
thrown [s\src\hotspot\share\classfile\systemDictionary.cpp, line 256]
Event: 22.630 Thread 0x000001eee333c920 Exception <a 'java/lang/ClassNotFoundException'{0x0000000707fdc108}: com/android/build/gradle/internal/api/ReadOnlyBuildTypeCustomizer> (0x0000000707fdc108) 
thrown [s\src\hotspot\share\classfile\systemDictionary.cpp, line 256]

VM Operations (20 events):
Event: 19.524 Executing VM operation: ICBufferFull
Event: 19.524 Executing VM operation: ICBufferFull done
Event: 19.741 Executing VM operation: G1CollectForAllocation
Event: 19.746 Executing VM operation: G1CollectForAllocation done
Event: 19.775 Executing VM operation: HandshakeAllThreads
Event: 19.775 Executing VM operation: HandshakeAllThreads done
Event: 19.782 Executing VM operation: G1CollectForAllocation
Event: 19.788 Executing VM operation: G1CollectForAllocation done
Event: 20.390 Executing VM operation: G1CollectForAllocation
Event: 20.393 Executing VM operation: G1CollectForAllocation done
Event: 21.017 Executing VM operation: G1CollectForAllocation
Event: 21.023 Executing VM operation: G1CollectForAllocation done
Event: 21.551 Executing VM operation: G1CollectForAllocation
Event: 21.558 Executing VM operation: G1CollectForAllocation done
Event: 22.249 Executing VM operation: G1CollectForAllocation
Event: 22.253 Executing VM operation: G1CollectForAllocation done
Event: 22.857 Executing VM operation: G1CollectForAllocation
Event: 22.862 Executing VM operation: G1CollectForAllocation done
Event: 22.969 Executing VM operation: HandshakeAllThreads
Event: 22.969 Executing VM operation: HandshakeAllThreads done

Memory protections (0 events):
No events

Nmethod flushes (20 events):
Event: 10.928 Thread 0x000001ee9b70fff0 flushing  nmethod 0x000001ee80782990
Event: 10.928 Thread 0x000001ee9b70fff0 flushing  nmethod 0x000001ee80783790
Event: 10.928 Thread 0x000001ee9b70fff0 flushing  nmethod 0x000001ee80784490
Event: 10.928 Thread 0x000001ee9b70fff0 flushing  nmethod 0x000001ee80784b10
Event: 10.928 Thread 0x000001ee9b70fff0 flushing  nmethod 0x000001ee80785010
Event: 10.928 Thread 0x000001ee9b70fff0 flushing  nmethod 0x000001ee80786190
Event: 10.928 Thread 0x000001ee9b70fff0 flushing  nmethod 0x000001ee80786d90
Event: 10.928 Thread 0x000001ee9b70fff0 flushing  nmethod 0x000001ee807b1c10
Event: 10.928 Thread 0x000001ee9b70fff0 flushing  nmethod 0x000001ee807b2790
Event: 10.929 Thread 0x000001ee9b70fff0 flushing  nmethod 0x000001ee80823b10
Event: 10.929 Thread 0x000001ee9b70fff0 flushing  nmethod 0x000001ee80839b90
Event: 10.929 Thread 0x000001ee9b70fff0 flushing  nmethod 0x000001ee80896010
Event: 10.929 Thread 0x000001ee9b70fff0 flushing  nmethod 0x000001ee808a4d90
Event: 16.621 Thread 0x000001ee9b70fff0 flushing  nmethod 0x000001ee805f1390
Event: 16.621 Thread 0x000001ee9b70fff0 flushing  nmethod 0x000001ee80600590
Event: 16.621 Thread 0x000001ee9b70fff0 flushing  nmethod 0x000001ee806bac10
Event: 16.623 Thread 0x000001ee9b70fff0 flushing  nmethod 0x000001ee808a7590
Event: 16.623 Thread 0x000001ee9b70fff0 flushing  nmethod 0x000001ee808a7a90
Event: 22.974 Thread 0x000001ee9b70fff0 flushing  nmethod 0x000001ee80182b90
Event: 22.981 Thread 0x000001ee9b70fff0 flushing  nmethod 0x000001ee808a5190

Events (20 events):
Event: 12.723 Thread 0x000001eee333c920 Thread added: 0x000001eee57f5e70
Event: 12.724 Thread 0x000001eee333c920 Thread added: 0x000001eee57f5450
Event: 12.725 Thread 0x000001eee333c920 Thread added: 0x000001eee57f9110
Event: 12.727 Thread 0x000001eee333c920 Thread added: 0x000001eee57f6890
Event: 12.728 Thread 0x000001eee333c920 Thread added: 0x000001eee57f8c00
Event: 12.730 Thread 0x000001eee333c920 Thread added: 0x000001eee57f9620
Event: 12.731 Thread 0x000001eee333c920 Thread added: 0x000001eee57f6da0
Event: 16.108 Thread 0x000001eee30d77e0 Thread exited: 0x000001eee30d77e0
Event: 16.603 Thread 0x000001ee9b70dac0 Thread added: 0x000001eee5725820
Event: 16.685 Thread 0x000001eee333c920 Thread added: 0x000001eee57f6380
Event: 16.928 Thread 0x000001eee5725820 Thread exited: 0x000001eee5725820
Event: 17.530 Thread 0x000001eee333c920 Thread added: 0x000001eee57fa040
Event: 17.583 Thread 0x000001ee9b70dac0 Thread added: 0x000001eee13ecef0
Event: 19.019 Thread 0x000001eee13ecef0 Thread exited: 0x000001eee13ecef0
Event: 19.034 Thread 0x000001ee9b70dac0 Thread added: 0x000001eee4ccbfd0
Event: 19.071 Thread 0x000001eee333c920 Thread added: 0x000001eee57faf70
Event: 19.583 Thread 0x000001eee333c920 Thread added: 0x000001eee57fbea0
Event: 20.230 Thread 0x000001ee9b70dac0 Thread added: 0x000001eee4ccdfb0
Event: 22.144 Thread 0x000001eee4ccdfb0 Thread exited: 0x000001eee4ccdfb0
Event: 22.881 Thread 0x000001eee4ccbfd0 Thread exited: 0x000001eee4ccbfd0


Dynamic libraries:
0x00007ff6678a0000 - 0x00007ff6678ae000 	C:\Program Files\Eclipse Adoptium\jdk-17.0.18.8-hotspot\bin\java.exe
0x00007fff6ba20000 - 0x00007fff6bc86000 	C:\WINDOWS\SYSTEM32\ntdll.dll
0x00007fff69fd0000 - 0x00007fff6a099000 	C:\WINDOWS\System32\KERNEL32.DLL
0x00007fff68ee0000 - 0x00007fff692da000 	C:\WINDOWS\System32\KERNELBASE.dll
0x00007fff695b0000 - 0x00007fff696fc000 	C:\WINDOWS\System32\ucrtbase.dll
0x00007fff4fa50000 - 0x00007fff4fa68000 	C:\Program Files\Eclipse Adoptium\jdk-17.0.18.8-hotspot\bin\jli.dll
0x00007fff4fa30000 - 0x00007fff4fa4e000 	C:\Program Files\Eclipse Adoptium\jdk-17.0.18.8-hotspot\bin\VCRUNTIME140.dll
0x00007fff6a3f0000 - 0x00007fff6a5b7000 	C:\WINDOWS\System32\USER32.dll
0x00007fff693a0000 - 0x00007fff693c7000 	C:\WINDOWS\System32\win32u.dll
0x00007fff4a020000 - 0x00007fff4a2b2000 	C:\WINDOWS\WinSxS\amd64_microsoft.windows.common-controls_6595b64144ccf1df_6.0.26100.8521_none_3e08b75ce33403b3\COMCTL32.dll
0x00007fff6a5c0000 - 0x00007fff6a5eb000 	C:\WINDOWS\System32\GDI32.dll
0x00007fff69790000 - 0x00007fff69839000 	C:\WINDOWS\System32\msvcrt.dll
0x00007fff69480000 - 0x00007fff695ab000 	C:\WINDOWS\System32\gdi32full.dll
0x00007fff693d0000 - 0x00007fff69473000 	C:\WINDOWS\System32\msvcp_win.dll
0x00007fff6a8b0000 - 0x00007fff6a8e2000 	C:\WINDOWS\System32\IMM32.DLL
0x00007fff5d3e0000 - 0x00007fff5d3ec000 	C:\Program Files\Eclipse Adoptium\jdk-17.0.18.8-hotspot\bin\vcruntime140_1.dll
0x00007fff4f9a0000 - 0x00007fff4fa2d000 	C:\Program Files\Eclipse Adoptium\jdk-17.0.18.8-hotspot\bin\msvcp140.dll
0x00007ffee3ac0000 - 0x00007ffee472b000 	C:\Program Files\Eclipse Adoptium\jdk-17.0.18.8-hotspot\bin\server\jvm.dll
0x00007fff69a80000 - 0x00007fff69b36000 	C:\WINDOWS\System32\ADVAPI32.dll
0x00007fff6a9d0000 - 0x00007fff6aa7a000 	C:\WINDOWS\System32\sechost.dll
0x00007fff6b830000 - 0x00007fff6b948000 	C:\WINDOWS\System32\RPCRT4.dll
0x00007fff6a940000 - 0x00007fff6a9c0000 	C:\WINDOWS\System32\WS2_32.dll
0x00007fff68b30000 - 0x00007fff68b8e000 	C:\WINDOWS\SYSTEM32\POWRPROF.dll
0x00007fff56c00000 - 0x00007fff56c36000 	C:\WINDOWS\SYSTEM32\WINMM.dll
0x00007fff56c40000 - 0x00007fff56c4b000 	C:\WINDOWS\SYSTEM32\VERSION.dll
0x00007fff68b10000 - 0x00007fff68b24000 	C:\WINDOWS\SYSTEM32\UMPDC.dll
0x00007fff67a00000 - 0x00007fff67a1b000 	C:\WINDOWS\SYSTEM32\kernel.appcore.dll
0x00007fff5bee0000 - 0x00007fff5beea000 	C:\Program Files\Eclipse Adoptium\jdk-17.0.18.8-hotspot\bin\jimage.dll
0x00007fff665f0000 - 0x00007fff66832000 	C:\WINDOWS\SYSTEM32\DBGHELP.DLL
0x00007fff69bc0000 - 0x00007fff69f43000 	C:\WINDOWS\System32\combase.dll
0x00007fff69840000 - 0x00007fff69919000 	C:\WINDOWS\System32\OLEAUT32.dll
0x00007fff47f00000 - 0x00007fff47f3b000 	C:\WINDOWS\SYSTEM32\dbgcore.DLL
0x00007fff68e30000 - 0x00007fff68ed8000 	C:\WINDOWS\System32\bcryptPrimitives.dll
0x00007fff53080000 - 0x00007fff5308e000 	C:\Program Files\Eclipse Adoptium\jdk-17.0.18.8-hotspot\bin\instrument.dll
0x00007fff4f970000 - 0x00007fff4f995000 	C:\Program Files\Eclipse Adoptium\jdk-17.0.18.8-hotspot\bin\java.dll
0x00007fff4e5a0000 - 0x00007fff4e677000 	C:\Program Files\Eclipse Adoptium\jdk-17.0.18.8-hotspot\bin\jsvml.dll
0x00007fff6aa80000 - 0x00007fff6b204000 	C:\WINDOWS\System32\SHELL32.dll
0x00007fff66850000 - 0x00007fff670d0000 	C:\WINDOWS\SYSTEM32\windows.storage.dll
0x00007fff6a240000 - 0x00007fff6a336000 	C:\WINDOWS\System32\SHCORE.dll
0x00007fff69f50000 - 0x00007fff69fb7000 	C:\WINDOWS\System32\shlwapi.dll
0x00007fff68bd0000 - 0x00007fff68bf9000 	C:\WINDOWS\SYSTEM32\profapi.dll
0x00007fff4e580000 - 0x00007fff4e598000 	C:\Program Files\Eclipse Adoptium\jdk-17.0.18.8-hotspot\bin\zip.dll
0x00007fff4f950000 - 0x00007fff4f96a000 	C:\Program Files\Eclipse Adoptium\jdk-17.0.18.8-hotspot\bin\net.dll
0x00007fff61570000 - 0x00007fff61699000 	C:\WINDOWS\SYSTEM32\WINHTTP.dll
0x00007fff67f50000 - 0x00007fff67fbc000 	C:\WINDOWS\system32\mswsock.dll
0x00007fff4f920000 - 0x00007fff4f936000 	C:\Program Files\Eclipse Adoptium\jdk-17.0.18.8-hotspot\bin\nio.dll
0x00007fff58b90000 - 0x00007fff58ba0000 	C:\Program Files\Eclipse Adoptium\jdk-17.0.18.8-hotspot\bin\verify.dll
0x00007fff4e550000 - 0x00007fff4e577000 	C:\Users\LENOVO\.gradle\native\1def1411415f61bf3af743bc5b6707747c0891f09f0c88961ee8f79bc544acac\windows-amd64\native-platform.dll
0x00007fff4df50000 - 0x00007fff4dfc7000 	C:\Users\LENOVO\.gradle\native\0.2.8\x86_64-windows-gnu\gradle-fileevents.dll
0x00007fff58d30000 - 0x00007fff58d3a000 	C:\Program Files\Eclipse Adoptium\jdk-17.0.18.8-hotspot\bin\management.dll
0x00007fff58c90000 - 0x00007fff58c9c000 	C:\Program Files\Eclipse Adoptium\jdk-17.0.18.8-hotspot\bin\management_ext.dll
0x00007fff6b800000 - 0x00007fff6b808000 	C:\WINDOWS\System32\PSAPI.DLL
0x00007fff673e0000 - 0x00007fff67413000 	C:\WINDOWS\SYSTEM32\IPHLPAPI.DLL
0x00007fff6a7d0000 - 0x00007fff6a7da000 	C:\WINDOWS\System32\NSI.dll
0x00007fff583c0000 - 0x00007fff583dd000 	C:\WINDOWS\SYSTEM32\dhcpcsvc6.DLL
0x00007fff58390000 - 0x00007fff583b5000 	C:\WINDOWS\SYSTEM32\dhcpcsvc.DLL
0x00007fff674d0000 - 0x00007fff6761a000 	C:\WINDOWS\SYSTEM32\DNSAPI.dll
0x00007fff67d90000 - 0x00007fff67d9d000 	C:\WINDOWS\SYSTEM32\DSPARSE.dll
0x00007fff53200000 - 0x00007fff53209000 	C:\Program Files\Eclipse Adoptium\jdk-17.0.18.8-hotspot\bin\extnet.dll
0x00007fff68350000 - 0x00007fff6836b000 	C:\WINDOWS\SYSTEM32\CRYPTSP.dll
0x00007fff67960000 - 0x00007fff67999000 	C:\WINDOWS\system32\rsaenh.dll
0x00007fff68000000 - 0x00007fff68033000 	C:\WINDOWS\SYSTEM32\USERENV.dll
0x00007fff68ba0000 - 0x00007fff68bca000 	C:\WINDOWS\SYSTEM32\bcrypt.dll
0x00007fff681b0000 - 0x00007fff681bc000 	C:\WINDOWS\SYSTEM32\CRYPTBASE.dll
0x00007fff52a60000 - 0x00007fff52a6e000 	C:\Program Files\Eclipse Adoptium\jdk-17.0.18.8-hotspot\bin\sunmscapi.dll
0x00007fff68cb0000 - 0x00007fff68e28000 	C:\WINDOWS\System32\CRYPT32.dll
0x00007fff684b0000 - 0x00007fff684e0000 	C:\WINDOWS\SYSTEM32\ncrypt.dll
0x00007fff68460000 - 0x00007fff6849f000 	C:\WINDOWS\SYSTEM32\NTASN1.dll
0x00007fff512e0000 - 0x00007fff512e8000 	C:\WINDOWS\system32\wshunix.dll

dbghelp: loaded successfully - version: 4.0.5 - missing functions: none
symbol engine: initialized successfully - sym options: 0x614 - pdb path: .;C:\Program Files\Eclipse Adoptium\jdk-17.0.18.8-hotspot\bin;C:\WINDOWS\SYSTEM32;C:\WINDOWS\WinSxS\amd64_microsoft.windows.common-controls_6595b64144ccf1df_6.0.26100.8521_none_3e08b75ce33403b3;C:\Program Files\Eclipse Adoptium\jdk-17.0.18.8-hotspot\bin\server;C:\Users\LENOVO\.gradle\native\1def1411415f61bf3af743bc5b6707747c0891f09f0c88961ee8f79bc544acac\windows-amd64;C:\Users\LENOVO\.gradle\native\0.2.8\x86_64-windows-gnu

VM Arguments:
jvm_args: --add-opens=java.base/java.lang=ALL-UNNAMED --add-opens=java.base/java.lang.invoke=ALL-UNNAMED --add-opens=java.base/java.util=ALL-UNNAMED --add-opens=java.prefs/java.util.prefs=ALL-UNNAMED --add-exports=jdk.compiler/com.sun.tools.javac.api=ALL-UNNAMED --add-exports=jdk.compiler/com.sun.tools.javac.util=ALL-UNNAMED --add-opens=java.base/java.util=ALL-UNNAMED --add-opens=java.prefs/java.util.prefs=ALL-UNNAMED --add-opens=java.base/java.nio.charset=ALL-UNNAMED --add-opens=java.base/java.net=ALL-UNNAMED --add-opens=java.base/java.util.concurrent=ALL-UNNAMED --add-opens=java.base/java.util.concurrent.atomic=ALL-UNNAMED --add-opens=java.xml/javax.xml.namespace=ALL-UNNAMED --add-opens=java.base/java.time=ALL-UNNAMED -Xmx4096m -Dfile.encoding=UTF-8 -Duser.country=US -Duser.language=en -Duser.variant -javaagent:C:\Users\LENOVO\.gradle\wrapper\dists\gradle-9.1.0-bin\9agqghryom9wkf8r80qlhnts3\gradle-9.1.0\lib\agents\gradle-instrumentation-agent-9.1.0.jar 
java_command: org.gradle.launcher.daemon.bootstrap.GradleDaemon 9.1.0
java_class_path (initial): C:\Users\LENOVO\.gradle\wrapper\dists\gradle-9.1.0-bin\9agqghryom9wkf8r80qlhnts3\gradle-9.1.0\lib\gradle-daemon-main-9.1.0.jar
Launcher Type: SUN_STANDARD

[Global flags]
     intx CICompilerCount                          = 4                                         {product} {ergonomic}
     uint ConcGCThreads                            = 2                                         {product} {ergonomic}
     uint G1ConcRefinementThreads                  = 8                                         {product} {ergonomic}
   size_t G1HeapRegionSize                         = 2097152                                   {product} {ergonomic}
    uintx GCDrainStackTargetSize                   = 64                                        {product} {ergonomic}
   size_t InitialHeapSize                          = 123731968                                 {product} {ergonomic}
   size_t MarkStackSize                            = 4194304                                   {product} {ergonomic}
   size_t MaxHeapSize                              = 4294967296                                {product} {command line}
   size_t MaxNewSize                               = 2575302656                                {product} {ergonomic}
   size_t MinHeapDeltaBytes                        = 2097152                                   {product} {ergonomic}
   size_t MinHeapSize                              = 8388608                                   {product} {ergonomic}
    uintx NonNMethodCodeHeapSize                   = 5839372                                {pd product} {ergonomic}
    uintx NonProfiledCodeHeapSize                  = 122909434                              {pd product} {ergonomic}
    uintx ProfiledCodeHeapSize                     = 122909434                              {pd product} {ergonomic}
    uintx ReservedCodeCacheSize                    = 251658240                              {pd product} {ergonomic}
     bool SegmentedCodeCache                       = true                                      {product} {ergonomic}
   size_t SoftMaxHeapSize                          = 4294967296                             {manageable} {ergonomic}
     bool UseCompressedClassPointers               = true                           {product lp64_product} {ergonomic}
     bool UseCompressedOops                        = true                           {product lp64_product} {ergonomic}
     bool UseG1GC                                  = true                                      {product} {ergonomic}
     bool UseLargePagesIndividualAllocation        = false                                  {pd product} {ergonomic}

Logging:
Log output configuration:
 #0: stdout all=warning uptime,level,tags
 #1: stderr all=off uptime,level,tags

Environment Variables:
JAVA_HOME=C:\Program Files\Eclipse Adoptium\jdk-17.0.18.8-hotspot
PATH=C:\Users\LENOVO\AppData\Roaming\npm\node_modules\opencode-ai\bin;C:\Program Files (x86)\NVIDIA Corporation\PhysX\Common;C:\Program Files\Eclipse Adoptium\jdk-17.0.18.8-hotspot\bin;C:\Program Files (x86)\VMware\VMware Workstation\bin\;C:\WINDOWS\system32;C:\WINDOWS;C:\WINDOWS\System32\Wbem;C:\WINDOWS\System32\WindowsPowerShell\v1.0\;C:\WINDOWS\System32\OpenSSH\;C:\Program Files\nodejs\;C:\Program Files\Git\cmd;C:\Users\LENOVO\.kimi-code\bin;C:\Users\LENOVO\AppData\Local\Programs\Python\Python312\Scripts\;C:\Users\LENOVO\AppData\Local\Programs\Python\Python312\;C:\Users\LENOVO\.local\bin;C:\Users\LENOVO\AppData\Local\Programs\Python\Python310\Scripts\;C:\Users\LENOVO\AppData\Local\Programs\Python\Python310\;C:\Users\LENOVO\AppData\Local\Programs\Python\Python314\Scripts\;C:\Users\LENOVO\AppData\Local\Programs\Python\Python314\;C:\Users\LENOVO\AppData\Local\Microsoft\WindowsApps;C:\Users\LENOVO\AppData\Local\Python\bin;C:\Users\LENOVO\AppData\Local\Programs\Microsoft VS Code\bin;C:\Users\LENOVO\AppData\Roaming\npm;C:\Users\LENOVO\AppData\Local\GitHubDesktop\bin;C:\Users\LENOVO\AppData\Local\Programs\Ollama;C:\Users\LENOVO\.lmstudio\bin;C:\Users\LENOVO\AppData\Local\Programs\cursor\resources\app\bin;C:\Users\LENOVO\AppData\Local\Android\Sdk\emulator;C:\Users\LENOVO\AppData\Local\Android\Sdk\platform-tools;C:\Users\LENOVO\.dual-graph
USERNAME=LENOVO
OS=Windows_NT
PROCESSOR_IDENTIFIER=AMD64 Family 23 Model 96 Stepping 1, AuthenticAMD
TMP=C:\Users\LENOVO\AppData\Local\Temp
TEMP=C:\Users\LENOVO\AppData\Local\Temp



Periodic native trim disabled


---------------  S Y S T E M  ---------------

OS:
 Windows 11 , 64 bit Build 26100 (10.0.26100.8521)
OS uptime: 0 days 1:18 hours
Hyper-V role detected

CPU: total 8 (initial active 8) (8 cores per cpu, 2 threads per core) family 23 model 96 stepping 1 microcode 0x8600106, cx8, cmov, fxsr, ht, mmx, 3dnowpref, sse, sse2, sse3, ssse3, sse4a, sse4.1, sse4.2, popcnt, lzcnt, tsc, tscinvbit, avx, avx2, aes, clmul, bmi1, bmi2, adx, sha, fma, vzeroupper, clflush, clflushopt, hv
Processor Information for all 8 processors :
  Max Mhz: 2500, Current Mhz: 2500, Mhz Limit: 2500

Memory: 4k page, system-wide physical 7544M (690M free)
TotalPageFile size 17344M (AvailPageFile size 39M)
current process WorkingSet (physical memory assigned to process): 400M, peak: 400M
current process commit charge ("private bytes"): 439M, peak: 440M

vm_info: OpenJDK 64-Bit Server VM (17.0.18+8) for windows-amd64 JRE (17.0.18+8), built on Jan 20 2026 22:28:22 by "admin" with MS VC++ 17.12 (VS2022)

END.
